ply
format ascii 1.0
comment Created in Blender version 4.0.2
element vertex 2293
property float x
property float y
property float z
element face 4197
property list uchar uint vertex_indices
end_header
1.2261927e-14 -22.411255 29.025486
2.8223358e-14 -22.411255 44.165737
-1.9532696 -22.325974 44.165737
-3.8916738 -22.070778 44.165737
-1.9532696 -22.325974 29.025486
-5.8004594 -21.64761 44.16574
-3.8916738 -22.070778 29.025486
-5.8004594 -21.64761 29.025486
-7.665101 -21.059692 44.16574
-9.471406 -20.311495 44.16574
-7.665101 -21.059692 29.025486
-11.205627 -19.408716 44.16574
-9.471406 -20.311495 29.025486
-11.205627 -19.408716 29.025486
-12.8545685 -18.358227 44.16574
-14.405678 -17.168018 44.16574
-12.8545685 -18.358227 29.025486
-15.847151 -15.847152 44.16574
-14.405678 -17.168018 29.025486
-15.847151 -15.847151 29.025486
-17.168018 -14.405679 44.16574
-18.358227 -12.854569 44.16574
-17.168018 -14.405678 29.025486
-19.408716 -11.205628 44.16574
-18.358227 -12.8545685 29.025486
-19.408716 -11.205627 29.025486
-20.311495 -9.471407 44.16574
-21.059692 -7.665102 44.16574
-20.311495 -9.471406 29.025486
-21.64761 -5.8004603 44.16574
-21.059692 -7.665101 29.025486
-21.64761 -5.8004594 29.025486
-22.070778 -3.8916748 44.16574
-22.325974 -1.9532704 44.16574
-22.070778 -3.891674 29.025486
-22.411255 -8.347952e-07 44.16574
-22.325974 -1.9532697 29.025486
-22.411255 -1.729937e-07 29.025486
1.9532696 -22.325974 29.025486
3.8916738 -22.070778 29.025486
1.9532696 -22.325974 44.165737
3.8916738 -22.070778 44.165737
5.8004594 -21.64761 29.025486
7.665101 -21.059692 29.025486
5.8004594 -21.64761 44.16574
9.471406 -20.311495 29.025486
7.665101 -21.059692 44.16574
9.471406 -20.311495 44.16574
11.205627 -19.408716 29.025486
12.8545685 -18.358227 29.025486
11.205627 -19.408716 44.16574
14.405678 -17.168018 29.025486
12.8545685 -18.358227 44.16574
14.405678 -17.168018 44.16574
15.847151 -15.847151 29.025486
17.168018 -14.405678 29.025486
15.847151 -15.847152 44.16574
18.358227 -12.8545685 29.025486
17.168018 -14.405679 44.16574
18.358227 -12.854569 44.16574
19.408716 -11.205627 29.025486
20.311495 -9.471406 29.025486
19.408716 -11.205628 44.16574
21.059692 -7.665101 29.025486
20.311495 -9.471407 44.16574
21.059692 -7.665102 44.16574
21.64761 -5.8004594 29.025486
22.070778 -3.891674 29.025486
21.64761 -5.8004603 44.16574
22.325974 -1.9532697 29.025486
22.070778 -3.8916748 44.16574
22.325974 -1.9532704 44.16574
22.411255 -1.729937e-07 29.025486
22.411255 -8.347952e-07 44.16574
-1.7670166 -20.197096 48.748577
6.730026e-14 -19.860191 49.06629
-1.7309295 -19.784618 49.06629
19.051556 -6.9342003 48.748577
19.413137 -7.0658054 48.395985
19.583416 -5.247361 48.748577
-21.981272 -3.8758924 45.204582
-21.55982 -5.7769375 45.204582
-21.450708 -5.747701 45.71412
-22.303295 -1.9512863 44.687145
-7.1863985 -19.74447 48.0112
-9.014168 -19.330948 47.597145
-7.295063 -20.043024 47.597145
-3.5205853 -19.966234 48.748577
-3.587403 -20.345175 48.395985
-18.062687 -12.647631 46.211864
-18.191244 -12.737646 45.71412
-16.89164 -14.173769 46.211864
-22.048359 -3.8877215 44.687145
-21.62562 -5.7945685 44.687145
-21.0383 -7.6573157 44.687145
-8.879896 -19.043 48.0112
-8.730884 -18.723442 48.395985
-10.505812 -18.196602 48.0112
-19.23218 -11.103705 45.71412
-19.096266 -11.025235 46.211864
-18.9233 -10.925373 46.69404
-17.899082 -12.533073 46.69404
-20.974285 -7.6340165 45.204582
-20.126747 -9.385257 45.71412
-20.868137 -7.5953817 45.71412
-16.738642 -14.045389 46.69404
-15.45081 -15.450811 46.69404
-15.280405 -15.280406 47.156975
-14.045388 -16.738642 46.69404
-13.890484 -16.554037 47.156975
-10.664669 -18.47175 47.597145
-12.394848 -17.70168 47.156975
-12.234006 -17.471973 47.597145
-3.448686 -19.55847 49.06629
-7.0658045 -19.41314 48.395985
-5.3469505 -19.955093 48.395985
-5.0262713 -18.758303 49.34671
-5.140195 -19.183472 49.06629
-3.372251 -19.124989 49.34671
-5.24736 -19.583418 48.748577
-8.011611 -17.180958 49.5877
-9.71001 -16.818233 49.34671
-8.207255 -17.600517 49.34671
-8.393278 -17.999447 49.06629
-6.6420383 -18.248852 49.34671
-5.4382086 -20.295671 48.0112
-13.404684 -13.404685 49.5877
-12.185381 -14.521972 49.5877
-11.875443 -14.152603 49.787422
-10.873339 -15.528737 49.5877
-9.478543 -16.41732 49.5877
-9.237455 -15.9997425 49.787422
-13.771305 -11.555498 49.944363
-15.13376 -10.596774 49.787422
-14.152602 -11.875444 49.787422
-13.063735 -13.063736 49.787422
-11.555497 -13.771306 49.944363
-12.482948 -14.876599 49.34671
-11.138866 -15.90795 49.34671
-15.92797 -5.797308 50.125443
-15.362091 -7.163461 50.125443
-14.889535 -6.9431057 50.14821
-16.292843 -7.5974784 49.944363
-16.743956 -7.8078356 49.787422
-15.568679 -8.988583 49.944363
-16.69268 -2.9433713 50.125443
-17.202257 -3.0332234 50.057323
-16.372627 -4.3870335 50.125443
-17.908754 -1.5668141 49.944363
-17.704048 -3.1217027 49.944363
-15.999742 -9.237456 49.787422
-14.726029 -10.311277 49.944363
-16.366268 -1.431864 50.14821
-16.428785 -1.0962972e-06 50.14821
-16.950191 -1.0953022e-06 50.125443
-17.46763 -1.0923245e-06 50.057323
-16.88569 -1.4773077 50.125443
6.894693e-14 -20.274244 48.748577
-1.8005532 -20.58042 48.395985
7.048774e-14 -20.659033 48.395985
1.7670166 -20.197096 48.748577
1.7309295 -19.784618 49.06629
1.8005532 -20.58042 48.395985
3.5205853 -19.966234 48.748577
3.448686 -19.55847 49.06629
5.24736 -19.583418 48.748577
3.587403 -20.345175 48.395985
5.140195 -19.183472 49.06629
5.3469505 -19.955093 48.395985
6.9341993 -19.051558 48.748577
6.792585 -18.662474 49.06629
7.0658045 -19.41314 48.395985
8.568265 -18.374706 48.748577
8.393278 -17.999447 49.06629
10.137121 -17.558012 48.748577
8.730884 -18.723442 48.395985
9.930095 -17.19943 49.06629
10.329515 -17.891249 48.395985
11.628828 -16.607689 48.748577
11.391336 -16.268517 49.06629
12.765883 -15.213789 49.06629
13.032033 -15.5309725 48.748577
14.043275 -14.043276 49.06629
11.849533 -16.92289 48.395985
14.336055 -14.336056 48.748577
15.213788 -12.765884 49.06629
13.279368 -15.825737 48.395985
16.268515 -11.391337 49.06629
15.530972 -13.032034 48.748577
14.608141 -14.608142 48.395985
16.607687 -11.628829 48.748577
17.199429 -9.930096 49.06629
15.825736 -13.279369 48.395985
17.55801 -10.137122 48.748577
17.999445 -8.393279 49.06629
16.922888 -11.849534 48.395985
18.662472 -6.792586 49.06629
18.374704 -8.568266 48.748577
17.891247 -10.329516 48.395985
19.18347 -5.140196 49.06629
18.72344 -8.730885 48.395985
19.558468 -3.4486868 49.06629
19.966232 -3.5205863 48.748577
19.784616 -1.7309306 49.06629
19.955091 -5.3469515 48.395985
20.274242 -1.0351174e-06 48.748577
20.197094 -1.7670177 48.748577
20.580418 -1.8005543 48.395985
20.345173 -3.587404 48.395985
21.329338 -9.847867e-07 47.597145
21.011623 -1.0028855e-06 48.0112
21.248173 -1.8589752 47.597145
20.65903 -1.019705e-06 48.395985
20.931667 -1.8312846 48.0112
21.609758 -9.655463e-07 47.156975
21.527525 -1.8834155 47.156975
21.767595 -1.9044188 46.69404
21.850744 -9.4531066e-07 46.69404
22.050468 -9.2423403e-07 46.211864
21.96656 -1.921826 46.211864
22.122902 -1.9355041 45.71412
22.235432 -1.9453491 45.204582
22.207409 -9.0247687e-07 45.71412
19.86019 -1.0490052e-06 49.06629
22.38849 -8.575865e-07 44.687145
22.32037 -8.802044e-07 45.204582
22.303295 -1.9512863 44.687145
19.42002 -1.0612627e-06 49.34671
19.346123 -1.6925673 49.34671
-9.930095 -17.19943 49.06629
-10.137121 -17.558012 48.748577
18.957087 -1.0717965e-06 49.5877
18.47491 -1.0805268e-06 49.787422
18.884949 -1.65222 49.5877
18.404608 -1.6101955 49.787422
-10.596773 -15.133761 49.787422
17.908754 -1.5668141 49.944363
17.977163 -1.0873867e-06 49.944363
16.366268 -1.431864 50.14821
16.179195 -2.85283 50.14821
16.69268 -2.9433713 50.125443
17.46763 -1.0923245e-06 50.057323
17.401161 -1.5224054 50.057323
16.950191 -1.0953022e-06 50.125443
16.88569 -1.4773077 50.125443
16.428785 -1.0962972e-06 50.14821
16.372627 -4.3870335 50.125443
15.868988 -4.2520833 50.14821
-15.438008 -5.618976 50.14821
15.362091 -7.163461 50.125443
15.438008 -5.618976 50.14821
14.889535 -6.9431057 50.14821
17.202257 -3.0332234 50.057323
18.194235 -3.2081358 49.787422
17.704048 -3.1217027 49.944363
18.669086 -3.2918646 49.5877
19.124987 -3.372252 49.34671
20.69241 -3.648631 48.0112
21.005299 -3.7038016 47.597145
21.281456 -3.7524958 47.156975
21.518784 -3.794343 46.69404
21.870028 -3.8562768 45.71412
21.715473 -3.8290248 46.211864
21.981272 -3.8758924 45.204582
22.048359 -3.8877215 44.687145
14.227746 -8.214394 50.14821
14.6792965 -8.475097 50.125443
16.872435 -4.5209565 50.057323
17.845394 -4.7816596 49.787422
17.364605 -4.652833 49.944363
18.31114 -4.906456 49.5877
18.7583 -5.0262723 49.34671
20.29567 -5.4382095 48.0112
20.602558 -5.5204396 47.597145
20.87342 -5.5930176 47.156975
21.1062 -5.65539 46.69404
21.450708 -5.747701 45.71412
21.299118 -5.7070823 46.211864
21.55982 -5.7769375 45.204582
21.62562 -5.7945685 44.687145
15.92797 -5.797308 50.125443
16.414204 -5.9742823 50.057323
17.360737 -6.3187923 49.787422
16.893007 -6.1485524 49.944363
17.813835 -6.4837065 49.5877
18.24885 -6.6420393 49.34671
19.744469 -7.1863995 48.0112
20.043022 -7.295064 47.597145
20.306528 -7.390973 47.156975
20.532984 -7.473396 46.69404
20.868137 -7.5953817 45.71412
20.720663 -7.5417056 46.211864
20.974285 -7.6340165 45.204582
21.0383 -7.6573157 44.687145
12.984601 -10.895374 50.125443
13.457673 -9.423165 50.14821
12.585179 -10.560221 50.14821
13.884784 -9.722231 50.125443
16.743956 -7.8078356 49.787422
15.83105 -7.3821406 50.057323
16.292843 -7.5974784 49.944363
17.600515 -8.207256 49.34671
17.180956 -8.011612 49.5877
19.042997 -8.879897 48.0112
19.330946 -9.014169 47.597145
19.58509 -9.132679 47.156975
19.803501 -9.234526 46.69404
20.126747 -9.385257 45.71412
19.98451 -9.318932 46.211864
20.229122 -9.432996 45.204582
20.290863 -9.461786 44.687145
11.616905 -11.616906 50.14821
11.985596 -11.985597 50.125443
15.127411 -8.733816 50.057323
15.999742 -9.237456 49.787422
15.568679 -8.988583 49.944363
16.818232 -9.710011 49.34671
16.417318 -9.478544 49.5877
18.1966 -10.505813 48.0112
18.471748 -10.66467 47.597145
18.714598 -10.80488 47.156975
18.9233 -10.925373 46.69404
19.23218 -11.103705 45.71412
19.096266 -11.025235 46.211864
19.330008 -11.160186 45.204582
19.389002 -11.194246 44.687145
6.9431047 -14.889536 50.14821
7.1634603 -15.362092 50.125443
8.214393 -14.227747 50.14821
14.308645 -10.019022 50.057323
15.13376 -10.596774 49.787422
14.726029 -10.311277 49.944363
15.907949 -11.138867 49.34671
15.528736 -10.87334 49.5877
17.211714 -12.051773 48.0112
17.471972 -12.234007 47.597145
17.701677 -12.394849 47.156975
17.899082 -12.533073 46.69404
18.191244 -12.737646 45.71412
18.062687 -12.647631 46.211864
18.283775 -12.802438 45.204582
18.339579 -12.841512 44.687145
13.3809805 -11.227977 50.057323
14.152602 -11.875444 49.787422
13.771305 -11.555498 49.944363
14.876598 -12.482949 49.34671
14.521971 -12.185382 49.5877
16.095837 -13.506013 48.0112
16.33922 -13.710235 47.597145
16.554035 -13.890485 47.156975
16.738642 -14.045389 46.69404
17.011862 -14.274648 45.71412
16.89164 -14.173769 46.211864
17.098394 -14.347257 45.204582
17.15058 -14.391046 44.687145
10.895373 -12.984602 50.125443
12.35148 -12.3514805 50.057323
13.063735 -13.063736 49.787422
12.711773 -12.711774 49.944363
13.404684 -13.404685 49.5877
13.732028 -13.732029 49.34671
14.857462 -14.857463 48.0112
15.08212 -15.082121 47.597145
15.280405 -15.280406 47.156975
15.45081 -15.450811 46.69404
15.703009 -15.70301 45.71412
15.592035 -15.592036 46.211864
15.782885 -15.782886 45.204582
15.831054 -15.831055 44.687145
10.56022 -12.58518 50.14821
9.72223 -13.884785 50.125443
11.227976 -13.380981 50.057323
11.875443 -14.152603 49.787422
11.555497 -13.771306 49.944363
12.482948 -14.876599 49.34671
12.185381 -14.521972 49.5877
13.506012 -16.095839 48.0112
13.710234 -16.339222 47.597145
13.890484 -16.554037 47.156975
14.045388 -16.738642 46.69404
14.274647 -17.011862 45.71412
14.173768 -16.89164 46.211864
14.347256 -17.098394 45.204582
14.391045 -17.15058 44.687145
9.423164 -13.457674 50.14821
5.618975 -15.438009 50.14821
4.2520823 -15.868989 50.14821
4.3870325 -16.37263 50.125443
10.019021 -14.308646 50.057323
10.596773 -15.133761 49.787422
10.311276 -14.72603 49.944363
11.138866 -15.90795 49.34671
10.873339 -15.528737 49.5877
12.051772 -17.211716 48.0112
12.234006 -17.471973 47.597145
12.394848 -17.70168 47.156975
12.533072 -17.899082 46.69404
12.737645 -18.191244 45.71412
12.64763 -18.062687 46.211864
12.802437 -18.283775 45.204582
12.841511 -18.339579 44.687145
8.475096 -14.679297 50.125443
8.733815 -15.127412 50.057323
9.237455 -15.9997425 49.787422
8.988582 -15.56868 49.944363
9.478543 -16.41732 49.5877
9.71001 -16.818233 49.34671
10.505812 -18.196602 48.0112
10.664669 -18.47175 47.597145
10.804879 -18.7146 47.156975
10.925372 -18.9233 46.69404
11.103704 -19.23218 45.71412
11.025234 -19.096266 46.211864
11.160185 -19.330008 45.204582
11.194245 -19.389002 44.687145
1.431863 -16.36627 50.14821
1.4773066 -16.885693 50.125443
2.8528287 -16.179197 50.14821
7.3821397 -15.831051 50.057323
7.8078346 -16.743958 49.787422
7.5974774 -16.292845 49.944363
8.207255 -17.600517 49.34671
8.011611 -17.180958 49.5877
8.879896 -19.043 48.0112
9.014168 -19.330948 47.597145
9.132678 -19.585093 47.156975
9.234525 -19.803501 46.69404
9.318931 -19.98451 46.211864
9.385256 -20.126747 45.71412
9.432995 -20.229122 45.204582
9.461785 -20.290863 44.687145
5.797307 -15.927971 50.125443
5.9742813 -16.414206 50.057323
6.3187914 -17.360739 49.787422
6.1485515 -16.89301 49.944363
6.4837055 -17.813837 49.5877
6.6420383 -18.248852 49.34671
7.1863985 -19.74447 48.0112
7.295063 -20.043024 47.597145
7.390972 -20.30653 47.156975
7.473395 -20.532984 46.69404
7.595381 -20.868137 45.71412
7.5417047 -20.720663 46.211864
7.6340156 -20.974285 45.204582
7.657315 -21.0383 44.687145
-1.431863 -16.36627 50.14821
-2.8528287 -16.179197 50.14821
-2.94337 -16.692682 50.125443
4.5209556 -16.872437 50.057323
4.7816586 -17.845396 49.787422
4.652832 -17.364607 49.944363
4.906455 -18.311142 49.5877
5.0262713 -18.758303 49.34671
5.4382086 -20.295671 48.0112
5.5204387 -20.60256 47.597145
5.5930166 -20.873423 47.156975
5.655389 -21.1062 46.69404
5.7070813 -21.299118 46.211864
5.7477 -21.450708 45.71412
5.7769365 -21.55982 45.204582
5.7945676 -21.62562 44.687145
2.94337 -16.692682 50.125443
3.0332222 -17.20226 50.057323
3.2081347 -18.194237 49.787422
3.1217015 -17.70405 49.944363
3.372251 -19.124989 49.34671
3.2918637 -18.669088 49.5877
3.6486301 -20.692411 48.0112
3.7038007 -21.0053 47.597145
3.7524948 -21.281458 47.156975
3.794342 -21.518784 46.69404
3.8562758 -21.870028 45.714115
3.8290238 -21.715473 46.211864
3.8758914 -21.981272 45.204582
3.8877206 -22.048359 44.68714
5.5942972e-14 -16.950193 50.125443
1.5224043 -17.401163 50.057323
1.6101944 -18.40461 49.787422
1.566813 -17.908756 49.944363
1.6522189 -18.88495 49.5877
1.6925663 -19.346125 49.34671
1.8312837 -20.93167 48.0112
1.8589742 -21.248175 47.597145
1.8834145 -21.527527 47.156975
1.9044179 -21.767595 46.69404
1.921825 -21.96656 46.21186
1.9355031 -22.122902 45.714115
1.9453483 -22.235432 45.204582
1.9512855 -22.303295 44.68714
2.7353682e-15 -16.428787 50.14821
-1.4773066 -16.885693 50.125443
5.7940374e-14 -17.467632 50.057323
6.1853876e-14 -18.474913 49.787422
5.991569e-14 -17.977165 49.944363
6.556026e-14 -19.420021 49.34671
6.3740185e-14 -18.957088 49.5877
7.191096e-14 -21.011625 48.0112
7.320578e-14 -21.32934 47.597145
7.4362323e-14 -21.60976 47.156975
7.5371783e-14 -21.850744 46.69404
7.62265e-14 -22.050468 46.21186
7.6919956e-14 -22.207409 45.714115
7.7446865e-14 -22.32037 45.204582
7.780323e-14 -22.38849 44.68714
-9.423164 -13.457674 50.14821
-9.72223 -13.884785 50.125443
-8.214393 -14.227747 50.14821
-4.2520823 -15.868989 50.14821
-4.3870325 -16.37263 50.125443
-1.6101944 -18.40461 49.787422
-1.566813 -17.908756 49.944363
-1.5224043 -17.401163 50.057323
-1.6522189 -18.88495 49.5877
-1.6925663 -19.346125 49.34671
-1.8312837 -20.93167 48.0112
-1.8589742 -21.248175 47.597145
-1.8834145 -21.527527 47.156975
-1.9044179 -21.767595 46.69404
-1.9355031 -22.122902 45.714115
-1.921825 -21.96656 46.21186
-1.9453483 -22.235432 45.204582
-1.9512855 -22.303295 44.68714
-3.0332222 -17.20226 50.057323
-3.2081347 -18.194237 49.787422
-3.1217015 -17.70405 49.944363
-3.2918637 -18.669088 49.5877
-3.6486301 -20.692411 48.0112
-3.7038007 -21.0053 47.597145
-3.7524948 -21.281458 47.156975
-3.794342 -21.518784 46.69404
-3.8290238 -21.715473 46.211864
-3.8562758 -21.870028 45.714115
-3.8758914 -21.981272 45.204582
-3.8877206 -22.048359 44.68714
-5.797307 -15.927971 50.125443
-4.5209556 -16.872437 50.057323
-4.7816586 -17.845396 49.787422
-4.652832 -17.364607 49.944363
-4.906455 -18.311142 49.5877
-6.792585 -18.662474 49.06629
-5.5204387 -20.60256 47.597145
-5.5930166 -20.873423 47.156975
-5.655389 -21.1062 46.69404
-5.7070813 -21.299118 46.211864
-5.7477 -21.450708 45.71412
-5.7769365 -21.55982 45.204582
-5.7945676 -21.62562 44.687145
-5.618975 -15.438009 50.14821
-7.1634603 -15.362092 50.125443
-5.9742813 -16.414206 50.057323
-6.3187914 -17.360739 49.787422
-6.1485515 -16.89301 49.944363
-6.4837055 -17.813837 49.5877
-6.9341993 -19.051558 48.748577
-7.390972 -20.30653 47.156975
-7.473395 -20.532984 46.69404
-7.595381 -20.868137 45.71412
-7.5417047 -20.720663 46.211864
-7.6340156 -20.974285 45.204582
-7.657315 -21.0383 44.687145
-6.9431047 -14.889536 50.14821
-14.227746 -8.214394 50.14821
-14.6792965 -8.475097 50.125443
-13.457673 -9.423165 50.14821
-7.3821397 -15.831051 50.057323
-7.8078346 -16.743958 49.787422
-7.5974774 -16.292845 49.944363
-8.568265 -18.374706 48.748577
-9.132678 -19.585093 47.156975
-9.234525 -19.803501 46.69404
-9.318931 -19.98451 46.211864
-9.385256 -20.126747 45.71412
-9.432995 -20.229122 45.204582
-9.461785 -20.290863 44.687145
-8.475096 -14.679297 50.125443
-8.733815 -15.127412 50.057323
-8.988582 -15.56868 49.944363
-10.329515 -17.891249 48.395985
-10.804879 -18.7146 47.156975
-10.925372 -18.9233 46.69404
-11.025234 -19.096266 46.211864
-11.103704 -19.23218 45.71412
-11.160185 -19.330008 45.204582
-11.194245 -19.389002 44.687145
-10.895373 -12.984602 50.125443
-10.019021 -14.308646 50.057323
-10.311276 -14.72603 49.944363
-11.391336 -16.268517 49.06629
-11.628828 -16.607689 48.748577
-11.849533 -16.92289 48.395985
-12.051772 -17.211716 48.0112
-12.533072 -17.899082 46.69404
-12.64763 -18.062687 46.211864
-12.737645 -18.191244 45.71412
-12.802437 -18.283775 45.204582
-12.841511 -18.339579 44.687145
-10.56022 -12.58518 50.14821
-11.985596 -11.985597 50.125443
-11.227976 -13.380981 50.057323
-12.765883 -15.213789 49.06629
-13.032033 -15.5309725 48.748577
-13.279368 -15.825737 48.395985
-13.506012 -16.095839 48.0112
-13.710234 -16.339222 47.597145
-14.274647 -17.011862 45.71412
-14.173768 -16.89164 46.211864
-14.347256 -17.098394 45.204582
-14.391045 -17.15058 44.687145
-11.616905 -11.616906 50.14821
-12.984601 -10.895374 50.125443
-12.35148 -12.3514805 50.057323
-12.711773 -12.711774 49.944363
-13.732028 -13.732029 49.34671
-14.043275 -14.043276 49.06629
-14.336055 -14.336056 48.748577
-14.608141 -14.608142 48.395985
-14.857462 -14.857463 48.0112
-15.08212 -15.082121 47.597145
-18.714598 -10.80488 47.156975
-17.701677 -12.394849 47.156975
-17.471972 -12.234007 47.597145
-15.592035 -15.592036 46.211864
-15.703009 -15.70301 45.71412
-15.782885 -15.782886 45.204582
-15.831054 -15.831055 44.687145
-12.585179 -10.560221 50.14821
-15.868988 -4.2520833 50.14821
-16.179195 -2.85283 50.14821
-13.3809805 -11.227977 50.057323
-14.521971 -12.185382 49.5877
-14.876598 -12.482949 49.34671
-15.213788 -12.765884 49.06629
-15.530972 -13.032034 48.748577
-15.825736 -13.279369 48.395985
-16.095837 -13.506013 48.0112
-16.33922 -13.710235 47.597145
-16.554035 -13.890485 47.156975
-17.011862 -14.274648 45.71412
-17.098394 -14.347257 45.204582
-17.15058 -14.391046 44.687145
-13.884784 -9.722231 50.125443
-14.308645 -10.019022 50.057323
-15.528736 -10.87334 49.5877
-15.907949 -11.138867 49.34671
-16.268515 -11.391337 49.06629
-16.607687 -11.628829 48.748577
-16.922888 -11.849534 48.395985
-17.211714 -12.051773 48.0112
-18.283775 -12.802438 45.204582
-18.339579 -12.841512 44.687145
-15.127411 -8.733816 50.057323
-16.417318 -9.478544 49.5877
-16.818232 -9.710011 49.34671
-17.199429 -9.930096 49.06629
-17.55801 -10.137122 48.748577
-17.891247 -10.329516 48.395985
-18.1966 -10.505813 48.0112
-18.471748 -10.66467 47.597145
-19.98451 -9.318932 46.211864
-19.330008 -11.160186 45.204582
-19.389002 -11.194246 44.687145
-17.180956 -8.011612 49.5877
-15.83105 -7.3821406 50.057323
-17.600515 -8.207256 49.34671
-17.999445 -8.393279 49.06629
-18.374704 -8.568266 48.748577
-18.72344 -8.730885 48.395985
-19.042997 -8.879897 48.0112
-19.330946 -9.014169 47.597145
-19.58509 -9.132679 47.156975
-19.803501 -9.234526 46.69404
-21.870028 -3.8562768 45.71412
-20.229122 -9.432996 45.204582
-20.290863 -9.461786 44.687145
-16.893007 -6.1485524 49.944363
-17.360737 -6.3187923 49.787422
-16.414204 -5.9742823 50.057323
-17.813835 -6.4837065 49.5877
-18.24885 -6.6420393 49.34671
-18.662472 -6.792586 49.06629
-19.051556 -6.9342003 48.748577
-19.413137 -7.0658054 48.395985
-19.744469 -7.1863995 48.0112
-20.043022 -7.295064 47.597145
-20.306528 -7.390973 47.156975
-20.532984 -7.473396 46.69404
-20.720663 -7.5417056 46.211864
-17.364605 -4.652833 49.944363
-17.845394 -4.7816596 49.787422
-16.872435 -4.5209565 50.057323
-18.31114 -4.906456 49.5877
-18.7583 -5.0262723 49.34671
-19.18347 -5.140196 49.06629
-19.583416 -5.247361 48.748577
-19.955091 -5.3469515 48.395985
-20.29567 -5.4382095 48.0112
-20.602558 -5.5204396 47.597145
-20.87342 -5.5930176 47.156975
-21.1062 -5.65539 46.69404
-21.299118 -5.7070823 46.211864
-17.401161 -1.5224054 50.057323
-18.194235 -3.2081358 49.787422
-18.669086 -3.2918646 49.5877
-19.124987 -3.372252 49.34671
-19.558468 -3.4486868 49.06629
-19.966232 -3.5205863 48.748577
-20.345173 -3.587404 48.395985
-20.69241 -3.648631 48.0112
-21.005299 -3.7038016 47.597145
-21.281456 -3.7524958 47.156975
-21.518784 -3.794343 46.69404
-21.715473 -3.8290248 46.211864
-18.404608 -1.6101955 49.787422
-18.884949 -1.65222 49.5877
-19.346123 -1.6925673 49.34671
-19.784616 -1.7309306 49.06629
-20.197094 -1.7670177 48.748577
-20.580418 -1.8005543 48.395985
-20.931667 -1.8312846 48.0112
-21.248173 -1.8589752 47.597145
-21.527525 -1.8834155 47.156975
-21.767595 -1.9044188 46.69404
-21.96656 -1.921826 46.211864
-22.122902 -1.9355041 45.71412
-22.235432 -1.9453491 45.204582
-17.977163 -1.0873867e-06 49.944363
-18.47491 -1.0805268e-06 49.787422
-18.957087 -1.0717965e-06 49.5877
-19.42002 -1.0612627e-06 49.34671
-19.86019 -1.0490052e-06 49.06629
-20.274242 -1.0351174e-06 48.748577
-20.65903 -1.019705e-06 48.395985
-21.011623 -1.0028855e-06 48.0112
-21.329338 -9.847867e-07 47.597145
-21.609758 -9.655463e-07 47.156975
-21.850744 -9.453108e-07 46.69404
-22.050468 -9.2423414e-07 46.211864
-22.207409 -9.02477e-07 45.71412
-22.32037 -8.8020454e-07 45.204582
-22.38849 -8.575866e-07 44.687145
-22.325974 1.9532688 44.16574
-21.059692 7.6651 44.16574
-21.64761 5.8004594 29.025486
-21.64761 5.8004584 44.16574
-22.070778 3.8916728 44.16574
-22.070778 3.8916736 29.025486
-22.325974 1.9532695 29.025486
-19.408716 11.205627 29.025486
-19.408716 11.2056265 44.16574
-18.358227 12.854568 44.16574
-21.059692 7.665101 29.025486
-20.311495 9.471405 44.16574
-20.311495 9.471406 29.025486
-15.847151 15.84715 44.16574
-14.405678 17.168018 44.16574
-15.847151 15.847151 29.025488
-17.168018 14.405677 44.16574
-17.168018 14.405678 29.025488
-18.358227 12.8545685 29.025486
-9.471406 20.311495 44.16574
-11.205627 19.408716 29.025488
-11.205627 19.408716 44.16574
-12.8545685 18.358227 29.025488
-14.405678 17.168018 29.025488
-12.8545685 18.358227 44.16574
-5.8004594 21.64761 29.025488
-5.8004594 21.64761 44.16574
-3.8916738 22.070778 44.16574
-9.471406 20.311495 29.025488
-7.665101 21.059692 44.16574
-7.665101 21.059692 29.025488
-6.683919e-14 22.411255 44.16574
1.9532696 22.325974 44.16574
-4.9047707e-14 22.411255 29.025488
-1.9532696 22.325974 44.16574
-1.9532696 22.325974 29.025488
-3.8916738 22.070778 29.025488
7.665101 21.059692 44.16574
5.8004594 21.64761 29.025488
5.8004594 21.64761 44.16574
3.8916738 22.070778 29.025488
1.9532696 22.325974 29.025488
3.8916738 22.070778 44.16574
11.205627 19.408716 29.025488
11.205627 19.408716 44.16574
12.8545685 18.358227 44.16574
7.665101 21.059692 29.025488
9.471406 20.311495 44.16574
9.471406 20.311495 29.025488
15.847151 15.84715 44.16574
17.168018 14.405677 44.16574
15.847151 15.847151 29.025488
14.405678 17.168018 44.16574
14.405678 17.168018 29.025488
12.8545685 18.358227 29.025488
17.168018 14.405678 29.025488
18.358227 12.854568 44.16574
19.408716 11.2056265 44.16574
18.358227 12.8545685 29.025486
20.311495 9.471405 44.16574
19.408716 11.205627 29.025486
20.311495 9.471406 29.025486
21.059692 7.6651 44.16574
21.64761 5.8004584 44.16574
21.059692 7.665101 29.025486
22.070778 3.8916728 44.16574
21.64761 5.8004594 29.025486
22.070778 3.8916736 29.025486
22.325974 1.9532688 44.16574
22.325974 1.9532695 29.025486
23.979507 -19.124159 29.025486
22.483091 -20.862879 29.025486
-13.308614 -27.633842 29.025486
-11.206703 -28.550966 29.025486
-9.041866 -29.308578 29.025486
-15.335834 -26.562443 29.025486
-6.8262386 -29.902367 29.025486
-17.278355 -25.34185 29.025486
-4.572253 -30.328941 29.025486
-19.124159 -23.979507 29.025486
-20.862879 -22.483091 29.025486
-2.29257 -30.585863 29.025486
-22.484776 -20.86104 29.025486
-4.7340753e-14 -30.671667 29.025486
2.2913244 -30.585918 29.025486
-23.980772 -19.122509 29.025486
4.5701933 -30.329212 29.025486
-25.34252 -17.277304 29.025486
6.823804 -29.902906 29.025486
-26.562443 -15.335834 29.025486
9.039488 -29.30933 29.025486
-27.63442 -13.307508 29.025486
11.2047825 -28.55176 29.025486
-29.30933 -9.039488 29.025486
-28.55176 -11.2047825 29.025486
-30.585863 -2.2925704 29.025486
-30.329212 -4.5701933 29.025486
19.122509 -23.980772 29.025486
17.277304 -25.34252 29.025486
27.633842 -13.308614 29.025486
26.562443 -15.335834 29.025486
-30.328941 4.572253 29.025486
29.308578 -9.041866 29.025486
28.550966 -11.206703 29.025486
-28.550966 11.206703 29.025486
-25.34185 17.278355 29.025488
-20.86104 22.484776 29.025488
-22.483091 20.862879 29.025488
29.902367 -6.8262386 29.025486
-13.307508 27.63442 29.025488
30.585863 -2.2925704 29.025486
-6.823804 29.902906 29.025488
-9.039488 29.30933 29.025488
30.329212 4.5701933 29.025486
3.5120195e-14 30.671667 29.025488
-2.2913244 30.585918 29.025488
27.63442 13.307508 29.025486
6.8262386 29.902367 29.025488
4.572253 30.328941 29.025488
20.862879 22.483091 29.025488
22.484776 20.86104 29.025488
13.308614 27.633842 29.025488
11.206703 28.550966 29.025488
9.041866 29.308578 29.025488
19.124159 23.979507 29.025488
15.335834 26.562443 29.025488
17.278355 25.34185 29.025488
2.29257 30.585863 29.025488
25.34252 17.277304 29.025488
23.980772 19.122509 29.025488
-4.5701933 30.329212 29.025488
29.902906 6.823804 29.025486
29.30933 9.039488 29.025486
28.55176 11.2047825 29.025486
-11.2047825 28.55176 29.025488
30.671667 -1.7299368e-07 29.025486
30.585863 2.2925699 29.025486
-15.335834 26.562443 29.025488
-17.277304 25.34252 29.025488
30.328941 -4.572253 29.025486
-19.122509 23.980772 29.025488
-23.979507 19.124159 29.025488
-26.562443 15.335834 29.025488
-27.633842 13.308614 29.025486
-29.308578 9.041866 29.025486
-29.902367 6.8262386 29.025486
25.34185 -17.278355 29.025486
-30.585863 2.2925699 29.025486
20.86104 -22.484776 29.025486
-30.671667 -1.729937e-07 29.025486
-29.902906 -6.823804 29.025486
15.335834 -26.562443 29.025486
13.307508 -27.63442 29.025486
26.562443 15.335834 29.025488
-12.585179 10.560219 50.14821
-10.56022 12.585178 50.14821
-11.616905 11.616904 50.14821
15.438008 5.618974 50.14821
15.868988 4.2520814 50.14821
-13.457673 9.423163 50.14821
-9.423164 13.457672 50.14821
-8.214393 14.227745 50.14821
-14.227746 8.214392 50.14821
-14.889535 6.943104 50.14821
-6.9431047 14.889534 50.14821
-15.438008 5.618974 50.14821
-5.618975 15.438007 50.14821
-4.2520823 15.868987 50.14821
-15.868988 4.2520814 50.14821
-2.8528287 16.179193 50.14821
-1.431863 16.366266 50.14821
-16.179195 2.8528275 50.14821
-16.366268 1.4318619 50.14821
-6.6818756e-14 16.428783 50.14821
1.431863 16.366266 50.14821
5.618975 15.438007 50.14821
4.2520823 15.868987 50.14821
2.8528287 16.179193 50.14821
9.423164 13.457672 50.14821
8.214393 14.227745 50.14821
6.9431047 14.889534 50.14821
11.616905 11.616904 50.14821
12.585179 10.560219 50.14821
10.56022 12.585178 50.14821
14.889535 6.943104 50.14821
14.227746 8.214392 50.14821
13.457673 9.423163 50.14821
16.179195 2.8528275 50.14821
16.366268 1.4318619 50.14821
-19.051556 6.9341984 48.748577
-19.18347 5.140194 49.06629
-18.662472 6.792584 49.06629
-19.346123 1.6925652 49.34671
-19.784616 1.7309284 49.06629
-18.884949 1.6522179 49.5877
10.873339 15.528735 49.5877
10.596773 15.1337595 49.787422
12.185381 14.52197 49.5877
8.393278 17.999443 49.06629
9.930095 17.199427 49.06629
10.137121 17.558008 48.748577
-18.404608 1.6101934 49.787422
-17.908754 1.5668119 49.944363
-17.401161 1.5224032 50.057323
-15.362091 7.1634593 50.125443
-16.88569 1.4773055 50.125443
16.372627 4.3870316 50.125443
15.92797 5.797306 50.125443
-16.69268 2.943369 50.125443
-16.922888 11.849532 48.395985
-17.55801 10.13712 48.748577
-16.607687 11.628827 48.748577
-18.374704 8.568264 48.748577
-18.72344 8.730883 48.395985
-14.608141 14.60814 48.395985
-15.530972 13.032032 48.748577
-14.336055 14.336054 48.748577
-17.199429 9.930094 49.06629
-16.268515 11.3913355 49.06629
-11.628828 16.607685 48.748577
-11.849533 16.922886 48.395985
-13.032033 15.530971 48.748577
-15.213788 12.7658825 49.06629
-14.043275 14.043274 49.06629
-11.391336 16.268513 49.06629
-9.930095 17.199427 49.06629
-10.137121 17.558008 48.748577
-12.765883 15.213787 49.06629
-6.9341993 19.051554 48.748577
-8.393278 17.999443 49.06629
-6.792585 18.66247 49.06629
-8.568265 18.374702 48.748577
-8.730884 18.723438 48.395985
-5.24736 19.583414 48.748577
-3.5205853 19.96623 48.748577
-3.587403 20.345171 48.395985
-7.0658045 19.413136 48.395985
-1.7670166 20.197092 48.748577
-8.0075994e-14 20.27424 48.748577
-8.1363505e-14 20.659029 48.395985
-5.140195 19.183468 49.06629
22.303295 1.9512846 44.687145
-1.7309295 19.784615 49.06629
-3.448686 19.558466 49.06629
10.505812 18.196598 48.0112
8.879896 19.042995 48.0112
8.730884 18.723438 48.395985
1.7670166 20.197092 48.748577
-7.8679224e-14 19.860188 49.06629
1.7309295 19.784615 49.06629
16.738642 14.045387 46.69404
15.45081 15.4508095 46.69404
15.280405 15.280404 47.156975
19.096266 11.025233 46.211864
19.23218 11.1037035 45.71412
18.062687 12.647629 46.211864
5.3469505 19.95509 48.395985
5.4382086 20.295668 48.0112
3.587403 20.345171 48.395985
10.664669 18.471746 47.597145
9.014168 19.330944 47.597145
9.71001 16.81823 49.34671
8.207255 17.600513 49.34671
8.011611 17.180954 49.5877
5.140195 19.183468 49.06629
3.372251 19.124985 49.34671
5.0262713 18.758299 49.34671
11.875443 14.152601 49.787422
13.404684 13.404683 49.5877
12.482948 14.876597 49.34671
11.138866 15.9079485 49.34671
15.999742 9.237454 49.787422
14.726029 10.3112755 49.944363
15.568679 8.988581 49.944363
11.555497 13.771304 49.944363
13.063735 13.063734 49.787422
15.362091 7.1634593 50.125443
16.743956 7.8078337 49.787422
16.292843 7.5974765 49.944363
16.69268 2.943369 50.125443
17.202257 3.033221 50.057323
17.908754 1.5668119 49.944363
17.704048 3.1217003 49.944363
16.88569 1.4773055 50.125443
14.152602 11.8754425 49.787422
13.771305 11.555496 49.944363
15.13376 10.596772 49.787422
6.6420383 18.248848 49.34671
9.237455 15.999741 49.787422
9.478543 16.417316 49.5877
7.0658045 19.413136 48.395985
7.1863985 19.744467 48.0112
5.24736 19.583414 48.748577
3.448686 19.558466 49.06629
13.890484 16.554033 47.156975
14.045388 16.738642 46.69404
12.234006 17.47197 47.597145
12.394848 17.701675 47.156975
17.899082 12.5330715 46.69404
18.9233 10.925371 46.69404
18.191244 12.737644 45.71412
16.89164 14.173767 46.211864
20.126747 9.385255 45.71412
20.868137 7.59538 45.71412
20.974285 7.6340146 45.204582
21.62562 5.7945666 44.687145
21.0383 7.657314 44.687145
7.295063 20.04302 47.597145
21.55982 5.7769356 45.204582
22.048359 3.8877196 44.687145
21.450708 5.7476993 45.71412
21.981272 3.8758905 45.204582
3.5205853 19.96623 48.748577
1.8005532 20.580416 48.395985
-1.8005532 20.580416 48.395985
-5.3469505 19.95509 48.395985
-10.329515 17.891245 48.395985
-13.279368 15.825735 48.395985
-15.825736 13.279367 48.395985
-17.891247 10.3295145 48.395985
-17.999445 8.393277 49.06629
-19.413137 7.0658035 48.395985
-19.583416 5.2473593 48.748577
-19.955091 5.3469496 48.395985
-19.966232 3.5205843 48.748577
-19.558468 3.448685 49.06629
-20.345173 3.587402 48.395985
-20.197094 1.7670156 48.748577
-20.580418 1.8005521 48.395985
-20.931667 1.8312827 48.0112
-21.248173 1.8589733 47.597145
-21.527525 1.8834136 47.156975
-21.767595 1.9044169 46.69404
-22.122902 1.9355022 45.71412
-21.96656 1.9218241 46.211864
-22.235432 1.9453474 45.204582
-22.303295 1.9512846 44.687145
-16.372627 4.3870316 50.125443
-17.202257 3.033221 50.057323
-18.194235 3.2081335 49.787422
-17.704048 3.1217003 49.944363
-18.669086 3.2918627 49.5877
-19.124987 3.37225 49.34671
-20.69241 3.6486292 48.0112
-21.005299 3.7037997 47.597145
-21.281456 3.7524939 47.156975
-21.518784 3.794341 46.69404
-21.870028 3.8562748 45.71412
-21.715473 3.829023 46.211864
-21.981272 3.8758905 45.204582
-22.048359 3.8877196 44.687145
-14.6792965 8.475095 50.125443
-16.872435 4.5209546 50.057323
-17.845394 4.7816577 49.787422
-17.364605 4.652831 49.944363
-18.31114 4.906454 49.5877
-18.7583 5.0262704 49.34671
-20.29567 5.4382076 48.0112
-20.602558 5.5204377 47.597145
-20.87342 5.5930157 47.156975
-21.1062 5.655388 46.69404
-21.450708 5.7476993 45.71412
-21.299118 5.7070804 46.211864
-21.55982 5.7769356 45.204582
-21.62562 5.7945666 44.687145
-15.92797 5.797306 50.125443
-16.414204 5.9742804 50.057323
-17.360737 6.3187904 49.787422
-16.893007 6.1485505 49.944363
-17.813835 6.4837046 49.5877
-18.24885 6.6420374 49.34671
-19.744469 7.1863976 48.0112
-20.043022 7.295062 47.597145
-20.306528 7.390971 47.156975
-20.532984 7.473394 46.69404
-20.868137 7.59538 45.71412
-20.720663 7.5417037 46.211864
-20.974285 7.6340146 45.204582
-21.0383 7.657314 44.687145
-12.984601 10.895372 50.125443
-13.884784 9.722229 50.125443
-16.743956 7.8078337 49.787422
-15.83105 7.3821387 50.057323
-16.292843 7.5974765 49.944363
-17.600515 8.207254 49.34671
-17.180956 8.01161 49.5877
-19.042997 8.879895 48.0112
-19.330946 9.014167 47.597145
-19.58509 9.132677 47.156975
-19.803501 9.234524 46.69404
-20.126747 9.385255 45.71412
-19.98451 9.31893 46.211864
-20.229122 9.432994 45.204582
-20.290863 9.461784 44.687145
-11.985596 11.985595 50.125443
-15.127411 8.733814 50.057323
-15.999742 9.237454 49.787422
-15.568679 8.988581 49.944363
-16.818232 9.710009 49.34671
-16.417318 9.478542 49.5877
-18.1966 10.505811 48.0112
-18.471748 10.664668 47.597145
-18.714598 10.804878 47.156975
-18.9233 10.925371 46.69404
-19.23218 11.1037035 45.71412
-19.096266 11.025233 46.211864
-19.330008 11.160184 45.204582
-19.389002 11.194244 44.687145
-7.1634603 15.36209 50.125443
-14.308645 10.01902 50.057323
-15.13376 10.596772 49.787422
-14.726029 10.3112755 49.944363
-15.907949 11.138865 49.34671
-15.528736 10.873338 49.5877
-17.211714 12.051771 48.0112
-17.471972 12.234005 47.597145
-17.701677 12.394847 47.156975
-17.899082 12.5330715 46.69404
-18.191244 12.737644 45.71412
-18.062687 12.647629 46.211864
-18.283775 12.802436 45.204582
-18.339579 12.84151 44.687145
-13.3809805 11.227975 50.057323
-14.152602 11.8754425 49.787422
-13.771305 11.555496 49.944363
-14.876598 12.482947 49.34671
-14.521971 12.18538 49.5877
-16.095837 13.506011 48.0112
-16.33922 13.710233 47.597145
-16.554035 13.890483 47.156975
-16.738642 14.045387 46.69404
-17.011862 14.274646 45.71412
-16.89164 14.173767 46.211864
-17.098394 14.347255 45.204582
-17.15058 14.391044 44.687145
-10.895373 12.9846 50.125443
-12.35148 12.351479 50.057323
-13.063735 13.063734 49.787422
-12.711773 12.711772 49.944363
-13.404684 13.404683 49.5877
-13.732028 13.732027 49.34671
-14.857462 14.857461 48.0112
-15.08212 15.082119 47.597145
-15.280405 15.280404 47.156975
-15.45081 15.4508095 46.69404
-15.703009 15.703008 45.71412
-15.592035 15.592034 46.211864
-15.782885 15.782884 45.204582
-15.831054 15.831053 44.687145
-9.72223 13.884783 50.125443
-11.227976 13.38098 50.057323
-11.875443 14.152601 49.787422
-11.555497 13.771304 49.944363
-12.482948 14.876597 49.34671
-12.185381 14.52197 49.5877
-13.506012 16.095835 48.0112
-13.710234 16.339218 47.597145
-13.890484 16.554033 47.156975
-14.045388 16.738642 46.69404
-14.274647 17.011862 45.71412
-14.173768 16.89164 46.211864
-14.347256 17.098394 45.204582
-14.391045 17.15058 44.687145
-4.3870325 16.372625 50.125443
-10.019021 14.308644 50.057323
-10.596773 15.1337595 49.787422
-10.311276 14.726028 49.944363
-11.138866 15.9079485 49.34671
-10.873339 15.528735 49.5877
-12.051772 17.211712 48.0112
-12.234006 17.47197 47.597145
-12.394848 17.701675 47.156975
-12.533072 17.899082 46.69404
-12.737645 18.191244 45.71412
-12.64763 18.062687 46.211864
-12.802437 18.283775 45.204582
-12.841511 18.339579 44.687145
-8.475096 14.679296 50.125443
-8.733815 15.12741 50.057323
-9.237455 15.999741 49.787422
-8.988582 15.568678 49.944363
-9.478543 16.417316 49.5877
-9.71001 16.81823 49.34671
-10.505812 18.196598 48.0112
-10.664669 18.471746 47.597145
-10.804879 18.714596 47.156975
-10.925372 18.9233 46.69404
-11.103704 19.23218 45.71412
-11.025234 19.096266 46.211864
-11.160185 19.330008 45.204582
-11.194245 19.389002 44.687145
-1.4773066 16.885689 50.125443
-7.3821397 15.831049 50.057323
-7.8078346 16.743954 49.787422
-7.5974774 16.292841 49.944363
-8.207255 17.600513 49.34671
-8.011611 17.180954 49.5877
-8.879896 19.042995 48.0112
-9.014168 19.330944 47.597145
-9.132678 19.585089 47.156975
-9.234525 19.803501 46.69404
-9.318931 19.98451 46.211864
-9.385256 20.126747 45.71412
-9.432995 20.229122 45.204582
-9.461785 20.290863 44.687145
-5.797307 15.927969 50.125443
-5.9742813 16.414202 50.057323
-6.3187914 17.360735 49.787422
-6.1485515 16.893005 49.944363
-6.4837055 17.813833 49.5877
-6.6420383 18.248848 49.34671
-7.1863985 19.744467 48.0112
-7.295063 20.04302 47.597145
-7.390972 20.306526 47.156975
-7.473395 20.532984 46.69404
-7.595381 20.868137 45.71412
-7.5417047 20.720663 46.211864
-7.6340156 20.974285 45.204582
-7.657315 21.0383 44.687145
2.94337 16.692678 50.125443
-4.5209556 16.872433 50.057323
-4.7816586 17.845392 49.787422
-4.652832 17.364603 49.944363
-4.906455 18.311138 49.5877
-5.0262713 18.758299 49.34671
-5.4382086 20.295668 48.0112
-5.5204387 20.602556 47.597145
-5.5930166 20.873419 47.156975
-5.655389 21.1062 46.69404
-5.7070813 21.299118 46.211864
-5.7477 21.450708 45.71412
-5.7769365 21.55982 45.204582
-5.7945676 21.62562 44.687145
-2.94337 16.692678 50.125443
-3.0332222 17.202255 50.057323
-3.2081347 18.194233 49.787422
-3.1217015 17.704046 49.944363
-3.372251 19.124985 49.34671
-3.2918637 18.669085 49.5877
-3.6486301 20.692408 48.0112
-3.7038007 21.005297 47.597145
-3.7524948 21.281454 47.156975
-3.794342 21.518784 46.69404
-3.8562758 21.870028 45.71412
-3.8290238 21.715473 46.211864
-3.8758914 21.981272 45.204586
-3.8877206 22.048359 44.68715
-6.8646986e-14 16.95019 50.125443
-1.5224043 17.40116 50.057323
-1.6101944 18.404606 49.787422
-1.566813 17.908752 49.944363
-1.6522189 18.884947 49.5877
-1.6925663 19.34612 49.34671
-1.8312837 20.931665 48.0112
-1.8589742 21.24817 47.597145
-1.8834145 21.527523 47.156975
-1.9044179 21.767595 46.69404
-1.921825 21.96656 46.21187
-1.9355031 22.122902 45.71412
-1.9453483 22.235432 45.204586
-1.9512855 22.303295 44.68715
1.4773066 16.885689 50.125443
-7.045294e-14 17.467628 50.057323
-7.394331e-14 18.474909 49.787422
-7.2222874e-14 17.977161 49.944363
-7.718382e-14 19.420017 49.34671
-7.560117e-14 18.957085 49.5877
-8.2531956e-14 21.011621 48.0112
-8.3572465e-14 21.329336 47.597145
-8.44771e-14 21.609756 47.156975
-8.5238985e-14 21.850744 46.694042
-8.585231e-14 22.050468 46.21187
-8.631242e-14 22.207409 45.71412
-8.661581e-14 22.32037 45.204586
-8.6760155e-14 22.38849 44.68715
9.72223 13.884783 50.125443
4.3870325 16.372625 50.125443
1.6101944 18.404606 49.787422
1.566813 17.908752 49.944363
1.5224043 17.40116 50.057323
1.6522189 18.884947 49.5877
1.6925663 19.34612 49.34671
1.8312837 20.931665 48.0112
1.8589742 21.24817 47.597145
1.8834145 21.527523 47.156975
1.9044179 21.767595 46.69404
1.9355031 22.122902 45.71412
1.921825 21.96656 46.21187
1.9453483 22.235432 45.204586
1.9512855 22.303295 44.68715
3.0332222 17.202255 50.057323
3.2081347 18.194233 49.787422
3.1217015 17.704046 49.944363
3.2918637 18.669085 49.5877
3.6486301 20.692408 48.0112
3.7038007 21.005297 47.597145
3.7524948 21.281454 47.156975
3.794342 21.518784 46.69404
3.8290238 21.715473 46.211864
3.8562758 21.870028 45.71412
3.8758914 21.981272 45.204586
3.8877206 22.048359 44.68715
5.797307 15.927969 50.125443
4.5209556 16.872433 50.057323
4.7816586 17.845392 49.787422
4.652832 17.364603 49.944363
4.906455 18.311138 49.5877
6.792585 18.66247 49.06629
5.5204387 20.602556 47.597145
5.5930166 20.873419 47.156975
5.655389 21.1062 46.69404
5.7070813 21.299118 46.211864
5.7477 21.450708 45.71412
5.7769365 21.55982 45.204582
5.7945676 21.62562 44.687145
7.1634603 15.36209 50.125443
5.9742813 16.414202 50.057323
6.3187914 17.360735 49.787422
6.1485515 16.893005 49.944363
6.4837055 17.813833 49.5877
6.9341993 19.051554 48.748577
7.390972 20.306526 47.156975
7.473395 20.532984 46.69404
7.595381 20.868137 45.71412
7.5417047 20.720663 46.211864
7.6340156 20.974285 45.204582
7.657315 21.0383 44.687145
14.6792965 8.475095 50.125443
7.3821397 15.831049 50.057323
7.8078346 16.743954 49.787422
7.5974774 16.292841 49.944363
8.568265 18.374702 48.748577
9.132678 19.585089 47.156975
9.234525 19.803501 46.69404
9.318931 19.98451 46.211864
9.385256 20.126747 45.71412
9.432995 20.229122 45.204582
9.461785 20.290863 44.687145
8.475096 14.679296 50.125443
8.733815 15.12741 50.057323
8.988582 15.568678 49.944363
10.329515 17.891245 48.395985
10.804879 18.714596 47.156975
10.925372 18.9233 46.69404
11.025234 19.096266 46.211864
11.103704 19.23218 45.71412
11.160185 19.330008 45.204582
11.194245 19.389002 44.687145
10.895373 12.9846 50.125443
10.019021 14.308644 50.057323
10.311276 14.726028 49.944363
11.391336 16.268513 49.06629
11.628828 16.607685 48.748577
11.849533 16.922886 48.395985
12.051772 17.211712 48.0112
12.533072 17.899082 46.69404
12.64763 18.062687 46.211864
12.737645 18.191244 45.71412
12.802437 18.283775 45.204582
12.841511 18.339579 44.687145
11.985596 11.985595 50.125443
11.227976 13.38098 50.057323
12.765883 15.213787 49.06629
13.032033 15.530971 48.748577
13.279368 15.825735 48.395985
13.506012 16.095835 48.0112
13.710234 16.339218 47.597145
14.274647 17.011862 45.71412
14.173768 16.89164 46.211864
14.347256 17.098394 45.204582
14.391045 17.15058 44.687145
12.984601 10.895372 50.125443
12.35148 12.351479 50.057323
12.711773 12.711772 49.944363
13.732028 13.732027 49.34671
14.043275 14.043274 49.06629
14.336055 14.336054 48.748577
14.608141 14.60814 48.395985
14.857462 14.857461 48.0112
15.08212 15.082119 47.597145
18.714598 10.804878 47.156975
17.701677 12.394847 47.156975
17.471972 12.234005 47.597145
15.592035 15.592034 46.211864
15.703009 15.703008 45.71412
15.782885 15.782884 45.204582
15.831054 15.831053 44.687145
13.3809805 11.227975 50.057323
14.521971 12.18538 49.5877
14.876598 12.482947 49.34671
15.213788 12.7658825 49.06629
15.530972 13.032032 48.748577
15.825736 13.279367 48.395985
16.095837 13.506011 48.0112
16.33922 13.710233 47.597145
16.554035 13.890483 47.156975
17.011862 14.274646 45.71412
17.098394 14.347255 45.204582
17.15058 14.391044 44.687145
13.884784 9.722229 50.125443
14.308645 10.01902 50.057323
15.528736 10.873338 49.5877
15.907949 11.138865 49.34671
16.268515 11.3913355 49.06629
16.607687 11.628827 48.748577
16.922888 11.849532 48.395985
17.211714 12.051771 48.0112
18.283775 12.802436 45.204582
18.339579 12.84151 44.687145
15.127411 8.733814 50.057323
16.417318 9.478542 49.5877
16.818232 9.710009 49.34671
17.199429 9.930094 49.06629
17.55801 10.13712 48.748577
17.891247 10.3295145 48.395985
18.1966 10.505811 48.0112
18.471748 10.664668 47.597145
19.98451 9.31893 46.211864
19.330008 11.160184 45.204582
19.389002 11.194244 44.687145
17.180956 8.01161 49.5877
15.83105 7.3821387 50.057323
17.600515 8.207254 49.34671
17.999445 8.393277 49.06629
18.374704 8.568264 48.748577
18.72344 8.730883 48.395985
19.042997 8.879895 48.0112
19.330946 9.014167 47.597145
19.58509 9.132677 47.156975
19.803501 9.234524 46.69404
21.870028 3.8562748 45.71412
20.229122 9.432994 45.204582
20.290863 9.461784 44.687145
16.893007 6.1485505 49.944363
17.360737 6.3187904 49.787422
16.414204 5.9742804 50.057323
17.813835 6.4837046 49.5877
18.24885 6.6420374 49.34671
18.662472 6.792584 49.06629
19.051556 6.9341984 48.748577
19.413137 7.0658035 48.395985
19.744469 7.1863976 48.0112
20.043022 7.295062 47.597145
20.306528 7.390971 47.156975
20.532984 7.473394 46.69404
20.720663 7.5417037 46.211864
17.364605 4.652831 49.944363
17.845394 4.7816577 49.787422
16.872435 4.5209546 50.057323
18.31114 4.906454 49.5877
18.7583 5.0262704 49.34671
19.18347 5.140194 49.06629
19.583416 5.2473593 48.748577
19.955091 5.3469496 48.395985
20.29567 5.4382076 48.0112
20.602558 5.5204377 47.597145
20.87342 5.5930157 47.156975
21.1062 5.655388 46.69404
21.299118 5.7070804 46.211864
17.401161 1.5224032 50.057323
18.194235 3.2081335 49.787422
18.669086 3.2918627 49.5877
19.124987 3.37225 49.34671
19.558468 3.448685 49.06629
19.966232 3.5205843 48.748577
20.345173 3.587402 48.395985
20.69241 3.6486292 48.0112
21.005299 3.7037997 47.597145
21.281456 3.7524939 47.156975
21.518784 3.794341 46.69404
21.715473 3.829023 46.211864
18.404608 1.6101934 49.787422
18.884949 1.6522179 49.5877
19.346123 1.6925652 49.34671
19.784616 1.7309284 49.06629
20.197094 1.7670156 48.748577
20.580418 1.8005521 48.395985
20.931667 1.8312827 48.0112
21.248173 1.8589733 47.597145
21.527525 1.8834136 47.156975
21.767595 1.9044169 46.69404
21.96656 1.9218241 46.211864
22.122902 1.9355022 45.71412
22.235432 1.9453474 45.204582
-2.3201313e-14 -30.671667 38.229286
2.2913244 -30.585918 38.229286
4.5701933 -30.329212 38.229286
6.823804 -29.902906 38.229286
9.039488 -29.30933 38.229286
11.2047825 -28.55176 38.229286
13.307508 -27.63442 38.229286
15.335834 -26.562443 38.229286
17.277304 -25.34252 38.229286
19.122509 -23.980772 38.229286
20.86104 -22.484776 38.229286
22.483091 -20.862879 38.229286
23.979507 -19.124159 38.229286
25.34185 -17.278355 38.229286
26.562443 -15.3358345 38.229286
27.633842 -13.308615 38.229286
28.550966 -11.206704 38.229286
29.308578 -9.041867 38.229286
29.902367 -6.826239 38.229286
30.328941 -4.5722537 38.229286
30.585863 -2.2925706 38.229286
30.671667 -5.7530457e-07 38.229286
-2.29257 -30.585863 38.229286
-4.572253 -30.328941 38.229286
-6.8262386 -29.902367 38.229286
-9.041866 -29.308578 38.229286
-11.206703 -28.550966 38.229286
-13.308614 -27.633842 38.229286
-15.335834 -26.562443 38.229286
-17.278355 -25.34185 38.229286
-19.124159 -23.979507 38.229286
-20.862879 -22.483091 38.229286
-22.484776 -20.86104 38.229286
-23.980772 -19.122509 38.229286
-25.34252 -17.277304 38.229286
-26.562443 -15.3358345 38.229286
-27.63442 -13.307509 38.229286
-28.55176 -11.204783 38.229286
-29.30933 -9.039489 38.229286
-29.902906 -6.8238044 38.229286
-30.329212 -4.570194 38.229286
-30.585863 -2.2925706 38.229286
-30.671667 -5.7530457e-07 38.229286
30.585863 2.2925696 38.229286
30.329212 4.570193 38.229286
29.30933 9.039487 38.229286
28.55176 11.204782 38.229286
29.902906 6.8238034 38.229286
26.562443 15.335833 38.229286
25.34252 17.277304 38.229286
27.63442 13.3075075 38.229286
20.862879 22.483091 38.229286
22.484776 20.86104 38.229286
23.980772 19.122509 38.229286
17.278355 25.34185 38.229286
15.335834 26.562443 38.229286
19.124159 23.979507 38.229286
11.206703 28.550966 38.229286
9.041866 29.308578 38.229286
13.308614 27.633842 38.229286
2.29257 30.585863 38.229286
4.572253 30.328941 38.229286
6.8262386 29.902367 38.229286
-2.2913244 30.585918 38.229286
-4.5701933 30.329212 38.229286
6.852078e-15 30.671667 38.229286
-9.039488 29.30933 38.229286
-11.2047825 28.55176 38.229286
-6.823804 29.902906 38.229286
-17.277304 25.34252 38.229286
-15.335834 26.562443 38.229286
-13.307508 27.63442 38.229286
-20.86104 22.484776 38.229286
-22.483091 20.862879 38.229286
-19.122509 23.980772 38.229286
-23.979507 19.124159 38.229286
-25.34185 17.278355 38.229286
-26.562443 15.335833 38.229286
-27.633842 13.308613 38.229286
-28.550966 11.206702 38.229286
-29.308578 9.041865 38.229286
-29.902367 6.826238 38.229286
-30.328941 4.5722528 38.229286
-30.585863 2.2925696 38.229286
-33.59957 16.820024 38.229286
-31.291424 20.801231 38.229286
-7.3445196 -36.849678 38.229286
14.412566 -34.700462 38.229286
12.0643 -35.58502 38.229286
20.68807 -31.366354 38.229286
16.698551 -33.660107 38.229286
9.660599 -36.311356 38.229286
7.213487 -36.875584 38.229286
2.2332172 -37.508095 38.229286
-9.789354 -36.276855 38.229286
-2.3686829 -37.499783 38.229286
-16.820024 -33.59957 38.229286
-14.537813 -34.648174 38.229286
37.27511 4.733973 38.229286
-29.914202 -22.737293 38.229286
36.875584 7.2134867 38.229286
22.737293 -29.914202 38.229286
36.311356 9.660598 38.229286
35.58502 12.064299 38.229286
31.366354 20.68807 38.229286
-35.58502 -12.064301 38.229286
-20.801231 -31.291424 38.229286
22.845198 29.831879 38.229286
-37.27511 -4.733974 38.229286
-37.499783 2.3686824 38.229286
-36.849678 7.344519 38.229286
-36.276855 9.789353 38.229286
12.190728 35.541935 38.22929
-35.541935 12.190727 38.229286
-31.366354 -20.68807 38.229286
-33.660107 -16.698551 38.229286
-2.2332172 37.508095 38.22929
-29.831879 22.845198 38.229286
-9.660599 36.311356 38.22929
-12.0643 35.58502 38.22929
-22.737293 29.914202 38.229286
-14.412566 34.700462 38.22929
-16.698551 33.660107 38.22929
-37.508095 -2.2332177 38.229286
-7.213487 36.875584 38.22929
-20.68807 31.366354 38.229286
-24.684855 28.328447 38.229286
-4.7339735 37.27511 38.22929
-28.240498 24.785381 38.229286
-26.522001 26.616259 38.229286
2.3686829 37.499783 38.22929
4.868581 37.257763 38.22929
7.3445196 36.849678 38.22929
9.789354 36.276855 38.22929
-34.648174 14.537812 38.229286
16.820024 33.59957 38.22929
14.537813 34.648174 38.22929
24.785381 28.240498 38.229286
26.616259 26.522001 38.229286
28.328447 24.684855 38.229286
-37.257763 4.8685803 38.229286
20.801231 31.291424 38.229286
34.700462 14.412565 38.229286
33.660107 16.698551 38.229286
-36.311356 -9.6606 38.229286
-36.875584 -7.2134876 38.229286
-34.700462 -14.412567 38.229286
29.914202 22.737293 38.229286
-24.785381 -28.240498 38.229286
-26.616259 -26.522001 38.229286
-28.328447 -24.684855 38.229286
36.276855 -9.789355 38.229286
36.849678 -7.34452 38.229286
-12.190728 -35.541935 38.229286
37.257763 -4.8685813 38.229286
35.541935 -12.190729 38.229286
37.499783 -2.3686833 38.229286
37.508095 2.2332168 38.229286
-22.845198 -29.831879 38.229286
33.59957 -16.820024 38.229286
34.648174 -14.537814 38.229286
31.291424 -20.801231 38.229286
-4.868581 -37.257763 38.229286
29.831879 -22.845198 38.229286
4.7339735 -37.27511 38.229286
26.522001 -26.616259 38.229286
24.684855 -28.328447 38.229286
28.240498 -24.785381 38.229286
37.351364 -4.118888 15.07616
37.491577 -2.4952512 11.906417
37.431705 -3.303561 13.494133
34.004116 -15.982984 36.70814
34.38645 -15.142313 35.18452
34.746574 -14.2980175 33.658424
35.084484 -13.450096 32.12986
35.40018 -12.598547 30.598816
35.693672 -11.743371 29.0653
35.964947 -10.884569 27.529308
36.214016 -10.02214 25.990845
36.441 -9.162852 24.447641
36.645992 -8.310983 22.898273
36.82888 -7.4611864 21.344524
36.989674 -6.6134634 19.786396
37.12928 -5.770595 18.22315
37.250557 -4.9412327 16.6525
37.56621 -0.78986764 35.63
37.574516 5.7530457e-07 11.906417
37.574516 -4.0493902e-07 34.330894
37.541294 -1.5794288 36.929466
35.368176 12.686079 11.906418
35.656933 11.859932 13.538233
35.926342 11.020104 15.164948
36.176407 10.166597 16.786564
36.407124 9.299411 18.403082
36.618492 8.418543 20.0145
36.810516 7.5239954 21.62082
37.136524 5.69386 24.81816
36.983192 6.615768 23.222038
37.270508 4.7582717 26.40918
37.37896 3.819197 27.998621
37.46209 2.876317 29.586369
37.522385 1.9254909 31.170998
37.559864 0.9667184 32.752506
34.406696 15.108569 15.076161
33.71628 16.584837 11.906418
34.0686 15.854856 13.494134
37.43993 3.1603372 36.70814
37.35071 4.079507 35.18452
37.24044 4.9907255 33.65843
37.10912 5.8939924 32.12986
36.95675 6.789309 30.598816
36.78333 7.6766744 29.0653
36.588856 8.556088 27.52931
36.37333 9.427552 25.990845
36.14026 10.285238 24.447643
35.891853 11.12547 22.898273
35.62535 11.952845 21.344524
35.340748 12.767364 19.786396
35.040226 13.567086 18.223152
34.73057 14.34598 16.6525
27.974136 25.085663 11.906418
26.949476 26.181845 18.59224
27.59986 25.4984 20.246956
26.19186 26.94124 11.906418
26.298223 26.83853 16.929253
24.966835 28.082884 13.586341
25.637342 27.472208 15.260619
24.2867 28.670553 11.906418
28.234776 24.794455 21.897778
29.625128 23.11262 11.906418
28.854225 24.070005 23.544703
30.05359 22.55293 26.823347
29.458212 23.325056 25.187733
30.62893 21.764755 28.457413
31.137077 21.031471 11.906418
31.184229 20.960524 30.08993
31.719486 20.140238 31.720898
32.502224 18.853367 11.906418
32.234703 19.303898 33.35032
32.729877 18.451506 34.97819
33.205013 17.583055 36.604515
22.242693 30.28783 15.076161
20.906738 31.22103 11.906418
21.57679 30.765053 13.494134
30.843801 21.456848 36.70814
30.30698 22.208227 35.18452
29.755894 22.94221 33.65843
29.190542 23.65879 32.12986
28.610924 24.357975 30.598818
28.017038 25.039762 29.0653
27.40889 25.70415 27.52931
26.786472 26.351137 25.990845
26.155748 26.97742 24.447643
25.52048 27.580906 22.898275
24.875961 28.164207 21.344526
24.222197 28.727324 19.786396
23.56205 29.26966 18.223152
22.904446 29.789366 16.6525
11.683481 35.71189 11.906419
10.248035 36.14901 18.59224
11.152999 35.88228 20.246956
9.212198 36.42773 11.906419
9.35569 36.39208 16.929253
7.580483 36.803967 13.586342
8.466506 36.610397 15.26062
6.697622 36.97278 11.906419
12.05482 35.59007 21.897778
14.099803 34.82868 11.906419
12.953498 35.272373 23.544703
14.750696 34.55818 26.823347
13.849031 34.929195 25.187733
15.643036 34.163258 28.457413
16.449764 33.78233 11.906419
16.52605 33.74441 30.08993
17.399736 33.301647 31.720898
18.72107 32.578606 11.906418
18.2641 32.834965 33.35032
19.119135 32.344368 34.97819
19.964848 31.829855 36.604515
4.1188884 37.351364 15.076162
2.4952517 37.491577 11.906419
3.3035614 37.431705 13.494135
15.982983 34.004116 36.708145
15.142313 34.38645 35.184525
14.2980175 34.746574 33.65843
13.450096 35.084484 32.12986
12.598547 35.40018 30.598818
11.743371 35.693672 29.065302
10.884569 35.964947 27.52931
10.02214 36.214016 25.990847
9.162852 36.441 24.447643
8.310983 36.645992 22.898275
7.4611864 36.82888 21.344526
6.6134634 36.989674 19.786396
5.7705956 37.12928 18.223152
4.941233 37.250557 16.652502
-7.7377534 36.769146 11.906419
-9.199475 36.430073 18.59224
-8.282379 36.651527 20.246956
-10.235867 36.15344 11.906419
-10.093802 36.1944 16.929253
-11.837105 35.663452 13.586342
-10.973013 35.938858 15.26062
-12.686078 35.368176 11.906419
-7.355265 36.84935 21.897778
-5.203553 37.21242 11.906419
-6.4181337 37.023533 23.544703
-4.5046153 37.303623 26.823347
-5.4709845 37.174088 25.187733
-3.5343633 37.407787 28.457413
-2.6452503 37.481236 11.906419
-2.5602286 37.48657 30.08993
-1.5822116 37.53997 31.720898
-0.07638285 37.574436 11.906419
-0.6003118 37.567993 33.35032
0.38547066 37.570633 34.97819
1.3751358 37.5479 36.604515
-15.108569 34.406696 15.076162
-16.584837 33.71628 11.906419
-15.854855 34.0686 13.494135
-3.1603377 37.43993 36.708145
-4.0795074 37.35071 35.184525
-4.990726 37.24044 33.65843
-5.893993 37.10912 32.12986
-6.7893095 36.95675 30.598818
-7.6766744 36.78333 29.065302
-8.556088 36.588856 27.52931
-9.427552 36.37333 25.990847
-10.285238 36.14026 24.447643
-11.12547 35.891853 22.898275
-11.952845 35.62535 21.344526
-12.767364 35.340748 19.786396
-13.567086 35.040226 18.223152
-14.34598 34.73057 16.652502
-25.085663 27.974136 11.906418
-26.181845 26.949476 18.59224
-25.4984 27.59986 20.246956
-26.94124 26.19186 11.906418
-26.83853 26.298223 16.929253
-28.082884 24.966835 13.586341
-27.472208 25.637342 15.260619
-28.670553 24.2867 11.906418
-24.794455 28.234776 21.897778
-23.11262 29.625128 11.906418
-24.070005 28.854225 23.544703
-22.55293 30.05359 26.823347
-23.325056 29.458212 25.187733
-21.764755 30.62893 28.457413
-21.031471 31.137077 11.906418
-20.960524 31.184229 30.08993
-20.140238 31.719486 31.720898
-18.853367 32.502224 11.906418
-19.303898 32.234703 33.35032
-18.451506 32.729877 34.97819
-17.583055 33.205013 36.604515
-30.28783 22.242693 15.076161
-31.22103 20.906738 11.906418
-30.765053 21.57679 13.494134
-21.456848 30.843801 36.70814
-22.208227 30.30698 35.18452
-22.94221 29.755894 33.65843
-23.65879 29.190542 32.12986
-24.357975 28.610924 30.598818
-25.039762 28.017038 29.0653
-25.70415 27.40889 27.52931
-26.351137 26.786472 25.990845
-26.97742 26.155748 24.447643
-27.580906 25.52048 22.898275
-28.164207 24.875961 21.344526
-28.727324 24.222197 19.786396
-29.26966 23.56205 18.223152
-29.789366 22.904446 16.6525
-35.71189 11.683482 11.906418
-36.14901 10.248035 18.59224
-35.88228 11.152999 20.246956
-36.42773 9.212199 11.906417
-36.39208 9.35569 16.92925
-36.803967 7.5804834 13.58634
-36.610397 8.466506 15.260618
-36.97278 6.6976223 11.906417
-35.59007 12.05482 21.897778
-34.82868 14.099804 11.906418
-35.272373 12.953498 23.544703
-34.55818 14.750696 26.823345
-34.929195 13.849031 25.187733
-34.163258 15.643036 28.457413
-33.78233 16.449764 11.906418
-33.74441 16.52605 30.08993
-33.301647 17.399736 31.720898
-32.578606 18.72107 11.906418
-32.834965 18.2641 33.35032
-32.344368 19.119135 34.97819
-31.829855 19.964848 36.604515
-37.351364 4.118889 15.07616
-37.491577 2.4952521 11.906417
-37.431705 3.303562 13.494133
-34.004116 15.982982 36.70814
-34.38645 15.142313 35.18452
-34.746574 14.2980175 33.65843
-35.084484 13.450096 32.12986
-35.40018 12.598547 30.598816
-35.693672 11.743371 29.0653
-35.964947 10.884569 27.52931
-36.214016 10.02214 25.990845
-36.441 9.162852 24.447643
-36.645992 8.310983 22.898273
-36.82888 7.4611864 21.344524
-36.989674 6.6134634 19.786396
-37.12928 5.770596 18.223152
-37.250557 4.9412336 16.6525
-36.769146 -7.737753 11.906417
-36.430073 -9.199475 18.592237
-36.651527 -8.282379 20.246954
-36.15344 -10.235866 11.906417
-36.1944 -10.093802 16.92925
-35.663452 -11.837104 13.586339
-35.938858 -10.973013 15.260617
-35.368176 -12.686077 11.906416
-36.84935 -7.355265 21.897776
-37.21242 -5.2035527 11.906417
-37.023533 -6.4181337 23.5447
-37.303623 -4.5046153 26.823345
-37.174088 -5.4709845 25.18773
-37.407787 -3.5343635 28.45741
-37.481236 -2.6452498 11.906417
-37.48657 -2.5602288 30.089928
-37.53997 -1.5822119 31.720898
-37.574436 -0.07638228 11.906417
-37.567993 -0.6003122 33.35032
-37.570633 0.3854702 34.978188
-37.5479 1.3751353 36.604515
-34.406696 -15.108569 15.0761595
-33.71628 -16.584837 11.906416
-34.0686 -15.854854 13.494132
-37.43993 -3.1603382 36.70814
-37.35071 -4.079508 35.18452
-37.24044 -4.9907265 33.65843
-37.10912 -5.8939934 32.12986
-36.95675 -6.78931 30.598816
-36.78333 -7.6766744 29.0653
-36.588856 -8.556088 27.529308
-36.37333 -9.427552 25.990845
-36.14026 -10.285238 24.447641
-35.891853 -11.12547 22.898273
-35.62535 -11.952845 21.344524
-35.340748 -12.767364 19.786396
-35.040226 -13.567086 18.22315
-34.73057 -14.34598 16.6525
-27.974136 -25.085663 11.906416
-26.949476 -26.181845 18.592237
-27.59986 -25.4984 20.246954
-26.19186 -26.94124 11.906416
-26.298223 -26.83853 16.929249
-24.966835 -28.082884 13.586339
-25.637342 -27.472208 15.260617
-24.2867 -28.670553 11.906416
-28.234776 -24.794455 21.897776
-29.625128 -23.11262 11.906416
-28.854225 -24.070005 23.5447
-30.05359 -22.55293 26.823345
-29.458212 -23.325056 25.18773
-30.62893 -21.764755 28.45741
-31.137077 -21.031471 11.906416
-31.184229 -20.960524 30.089928
-31.719486 -20.140238 31.720896
-32.502224 -18.853367 11.906416
-32.234703 -19.303898 33.350315
-32.729877 -18.451506 34.978188
-33.205013 -17.583055 36.60451
-22.242693 -30.28783 15.0761595
-20.906738 -31.22103 11.906416
-21.57679 -30.765053 13.494132
-30.843801 -21.456848 36.70814
-30.30698 -22.208227 35.18452
-29.755894 -22.94221 33.658424
-29.190542 -23.65879 32.129856
-28.610924 -24.357975 30.598816
-28.017038 -25.039762 29.065298
-27.40889 -25.70415 27.529308
-26.786472 -26.351137 25.990843
-26.155748 -26.97742 24.447641
-25.52048 -27.580906 22.898272
-24.875961 -28.164207 21.344524
-24.222197 -28.727324 19.786394
-23.56205 -29.26966 18.223148
-22.904446 -29.789366 16.6525
-11.683481 -35.71189 11.906415
-10.248035 -36.14901 18.592236
-11.152999 -35.88228 20.246954
-9.212198 -36.42773 11.906415
-9.35569 -36.39208 16.929249
-7.580483 -36.803967 13.586338
-8.466506 -36.610397 15.260616
-6.697622 -36.97278 11.906415
-12.05482 -35.59007 21.897774
-14.099803 -34.82868 11.906415
-12.953498 -35.272373 23.5447
-14.750696 -34.55818 26.823343
-13.849031 -34.929195 25.18773
-15.643036 -34.163258 28.457409
-16.449764 -33.78233 11.906415
-16.52605 -33.74441 30.089928
-17.399736 -33.301647 31.720896
-18.72107 -32.578606 11.906416
-18.2641 -32.834965 33.350315
-19.119135 -32.344368 34.978188
-19.964848 -31.829855 36.60451
-4.1188884 -37.351364 15.076159
-2.4952517 -37.491577 11.906415
-3.3035614 -37.431705 13.494131
-15.982983 -34.004116 36.708138
-15.142313 -34.38645 35.184517
-14.2980175 -34.746574 33.658424
-13.450096 -35.084484 32.129856
-12.598547 -35.40018 30.598816
-11.743371 -35.693672 29.065298
-10.884569 -35.964947 27.529308
-10.02214 -36.214016 25.990843
-9.162852 -36.441 24.447641
-8.310983 -36.645992 22.898272
-7.4611864 -36.82888 21.344522
-6.6134634 -36.989674 19.786394
-5.7705956 -37.12928 18.223148
-4.941233 -37.250557 16.652498
0.07638285 -37.574436 11.906415
-0.38547066 -37.570633 34.978188
-1.3751358 -37.5479 36.60451
3.5343633 -37.407787 28.457409
2.5602286 -37.48657 30.089928
2.6452503 -37.481236 11.906415
10.235867 -36.15344 11.906415
9.199475 -36.430073 18.592236
7.7377534 -36.769146 11.906415
6.4181337 -37.023533 23.5447
5.203553 -37.21242 11.906415
12.686078 -35.368176 11.906415
11.837105 -35.663452 13.586338
10.973013 -35.938858 15.260616
10.093802 -36.1944 16.929249
8.282379 -36.651527 20.246954
7.355265 -36.84935 21.897774
5.4709845 -37.174088 25.18773
4.5046153 -37.303623 26.823343
1.5822116 -37.53997 31.720896
0.6003118 -37.567993 33.350315
15.108569 -34.406696 15.076159
16.584837 -33.71628 11.906415
15.854855 -34.0686 13.494131
3.1603377 -37.43993 36.708138
4.0795074 -37.35071 35.184517
4.990726 -37.24044 33.658424
5.893993 -37.10912 32.129856
6.7893095 -36.95675 30.598816
7.6766744 -36.78333 29.065298
8.556088 -36.588856 27.529308
9.427552 -36.37333 25.990843
10.285238 -36.14026 24.447641
11.12547 -35.891853 22.898272
11.952845 -35.62535 21.344522
12.767364 -35.340748 19.786394
13.567086 -35.040226 18.223148
14.34598 -34.73057 16.652498
25.085663 -27.974136 11.906416
26.181845 -26.949476 18.592237
25.4984 -27.59986 20.246954
26.94124 -26.19186 11.906416
26.83853 -26.298223 16.929249
28.082884 -24.966835 13.586339
27.472208 -25.637342 15.260617
28.670553 -24.2867 11.906416
24.794455 -28.234776 21.897776
23.11262 -29.625128 11.906416
24.070005 -28.854225 23.5447
22.55293 -30.05359 26.823345
23.325056 -29.458212 25.18773
21.764755 -30.62893 28.457409
21.031471 -31.137077 11.906416
20.960524 -31.184229 30.089928
20.140238 -31.719486 31.720896
18.853367 -32.502224 11.906416
19.303898 -32.234703 33.350315
18.451506 -32.729877 34.978188
17.583055 -33.205013 36.60451
30.28783 -22.242693 15.0761595
31.22103 -20.906738 11.906416
30.765053 -21.57679 13.494132
21.456848 -30.843801 36.70814
22.208227 -30.30698 35.18452
22.94221 -29.755894 33.658424
23.65879 -29.190542 32.129856
24.357975 -28.610924 30.598816
25.039762 -28.017038 29.065298
25.70415 -27.40889 27.529308
26.351137 -26.786472 25.990843
26.97742 -26.155748 24.447641
27.580906 -25.52048 22.898272
28.164207 -24.875961 21.344524
28.727324 -24.222197 19.786394
29.26966 -23.56205 18.22315
29.789366 -22.904446 16.6525
35.71189 -11.68348 11.906416
36.14901 -10.248035 18.592237
35.88228 -11.152999 20.246954
36.42773 -9.212197 11.906417
36.39208 -9.35569 16.92925
36.803967 -7.5804825 13.58634
36.610397 -8.466506 15.260618
36.97278 -6.6976213 11.906417
35.59007 -12.05482 21.897776
34.82868 -14.099802 11.906416
35.272373 -12.953498 23.5447
34.55818 -14.750696 26.823345
34.929195 -13.849031 25.18773
34.163258 -15.643036 28.45741
33.78233 -16.449764 11.906416
33.74441 -16.52605 30.089928
33.301647 -17.399736 31.720896
32.578606 -18.72107 11.906416
32.834965 -18.2641 33.350315
32.344368 -19.119135 34.978188
31.829855 -19.964848 36.60451
14.405678 17.168018 11.906418
11.205627 -19.408716 11.906416
9.471406 -20.311495 11.906416
-9.471406 -20.311495 11.906416
-11.205627 -19.408716 11.906416
-7.665101 -21.059692 11.906416
-3.8916738 -22.070778 11.906416
-5.8004594 -21.64761 11.906416
-1.9532696 -22.325974 11.906416
-14.405678 -17.168018 11.906416
-12.8545685 -18.358227 11.906416
1.9154691e-14 -22.411255 11.906416
-15.847151 -15.84715 11.906416
5.8004594 -21.64761 11.906416
-19.408716 -11.2056265 11.906416
-18.358227 -12.854568 11.906416
-21.64761 -5.800459 11.906417
-22.411255 5.7530457e-07 11.906417
14.405678 -17.168018 11.906416
18.358227 -12.854568 11.906416
19.408716 -11.2056265 11.906416
17.168018 -14.405677 11.906416
21.059692 -7.6651006 11.906417
-21.059692 7.6651015 11.906417
-21.64761 5.80046 11.906417
-15.847151 15.847152 11.906418
-20.311495 9.471407 11.906417
-19.408716 11.205628 11.906418
-18.358227 12.854569 11.906418
22.325974 -1.953269 11.906417
37.485363 2.5867922 11.906417
22.325974 1.9532702 11.906417
37.218708 5.1582646 11.906417
21.059692 7.6651015 11.906417
36.157616 10.221079 11.906417
-11.205627 19.408716 11.906418
-7.665101 21.059692 11.906418
19.408716 11.205628 11.906418
-1.9532696 22.325974 11.906418
15.847151 15.847152 11.906418
1.9532696 22.325974 11.906418
12.8545685 18.358227 11.906418
11.205627 19.408716 11.906418
7.665101 21.059692 11.906418
3.8916738 22.070778 11.906418
5.8004594 21.64761 11.906418
9.471406 20.311495 11.906418
-2.6144871e-14 22.411255 11.906418
-5.8004594 21.64761 11.906418
-3.8916738 22.070778 11.906418
18.358227 12.854569 11.906418
17.168018 14.405679 11.906418
-9.471406 20.311495 11.906418
36.77543 7.707764 11.906417
21.64761 5.80046 11.906417
22.070778 3.8916743 11.906417
-17.168018 14.405679 11.906418
-14.405678 17.168018 11.906418
-12.8545685 18.358227 11.906418
20.311495 9.471407 11.906417
21.64761 -5.800459 11.906417
22.070778 -3.8916733 11.906417
22.411255 5.7530457e-07 11.906417
-22.070778 3.8916743 11.906417
20.311495 -9.471405 11.906417
12.8545685 -18.358227 11.906416
-22.325974 1.9532702 11.906417
-22.325974 -1.953269 11.906417
-22.070778 -3.8916733 11.906417
15.847151 -15.84715 11.906416
7.665101 -21.059692 11.906416
-20.311495 -9.471405 11.906417
-21.059692 -7.6651006 11.906417
1.9532696 -22.325974 11.906416
3.8916738 -22.070778 11.906416
-17.168018 -14.405677 11.906416
-1.2261927e-14 -22.411253 -0.012506485
-1.9532696 -22.325972 -0.012506485
-3.8916738 -22.070776 -0.012506485
-5.8004594 -21.647608 -0.012504578
-7.665101 -21.05969 -0.012504578
-9.471406 -20.311493 -0.012504578
-11.205627 -19.408714 -0.012504578
-12.8545685 -18.358225 -0.012504578
-14.405678 -17.168016 -0.012504578
-15.847151 -15.84715 -0.012504578
-17.168018 -14.405677 -0.012504578
-18.358227 -12.854568 -0.012504578
-19.408716 -11.2056265 -0.012504578
-20.311495 -9.471405 -0.012504578
-21.059692 -7.6651 -0.012504578
-21.64761 -5.8004584 -0.012504578
-22.070778 -3.8916726 -0.012504578
-22.325974 -1.9532685 -0.012504578
-22.411255 1.0962972e-06 -0.012504578
1.9532696 -22.325972 -0.012506485
3.8916738 -22.070776 -0.012506485
5.8004594 -21.647608 -0.012504578
7.665101 -21.05969 -0.012504578
9.471406 -20.311493 -0.012504578
11.205627 -19.408714 -0.012504578
12.8545685 -18.358225 -0.012504578
14.405678 -17.168016 -0.012504578
15.847151 -15.84715 -0.012504578
17.168018 -14.405677 -0.012504578
18.358227 -12.854568 -0.012504578
19.408716 -11.2056265 -0.012504578
20.311495 -9.471405 -0.012504578
21.059692 -7.6651 -0.012504578
21.64761 -5.8004584 -0.012504578
22.070778 -3.8916726 -0.012504578
22.325974 -1.9532685 -0.012504578
22.411255 1.0962972e-06 -0.012504578
-21.64761 5.8004603 -0.012504578
-22.070778 3.891675 -0.012504578
-22.325974 1.9532707 -0.012504578
-19.408716 11.205628 -0.012504578
-21.059692 7.665102 -0.012504578
-20.311495 9.471407 -0.012504578
-15.847151 15.847152 -0.012504578
-17.168018 14.405679 -0.012504578
-18.358227 12.854569 -0.012504578
-11.205627 19.408718 -0.012504578
-12.8545685 18.358229 -0.012504578
-14.405678 17.16802 -0.012504578
-5.8004594 21.647612 -0.012504578
-9.471406 20.311497 -0.012504578
-7.665101 21.059694 -0.012504578
2.4523854e-14 22.411257 -0.01250267
-1.9532696 22.325975 -0.01250267
-3.8916738 22.07078 -0.01250267
5.8004594 21.647612 -0.012504578
3.8916738 22.07078 -0.01250267
1.9532696 22.325975 -0.01250267
11.205627 19.408718 -0.012504578
7.665101 21.059694 -0.012504578
9.471406 20.311497 -0.012504578
15.847151 15.847152 -0.012504578
14.405678 17.16802 -0.012504578
12.8545685 18.358229 -0.012504578
17.168018 14.405679 -0.012504578
18.358227 12.854569 -0.012504578
19.408716 11.205628 -0.012504578
20.311495 9.471407 -0.012504578
21.059692 7.665102 -0.012504578
21.64761 5.8004603 -0.012504578
22.070778 3.891675 -0.012504578
22.325974 1.9532707 -0.012504578
3 0 1 2
3 3 4 2
3 0 2 4
3 3 5 6
3 6 4 3
3 7 5 8
3 5 7 6
3 9 10 8
3 7 8 10
3 9 11 12
3 12 10 9
3 13 11 14
3 11 13 12
3 15 16 14
3 13 14 16
3 15 17 18
3 18 16 15
3 19 17 20
3 17 19 18
3 21 22 20
3 19 20 22
3 21 23 24
3 24 22 21
3 25 23 26
3 23 25 24
3 27 28 26
3 25 26 28
3 27 29 30
3 30 28 27
3 31 29 32
3 29 31 30
3 33 34 32
3 31 32 34
3 33 35 36
3 36 34 33
3 35 37 36
3 38 1 0
3 38 39 40
3 40 1 38
3 41 39 42
3 39 41 40
3 43 44 42
3 41 42 44
3 43 45 46
3 46 44 43
3 47 45 48
3 45 47 46
3 49 50 48
3 47 48 50
3 49 51 52
3 52 50 49
3 53 51 54
3 51 53 52
3 55 56 54
3 53 54 56
3 55 57 58
3 58 56 55
3 59 57 60
3 57 59 58
3 61 62 60
3 59 60 62
3 61 63 64
3 64 62 61
3 65 63 66
3 63 65 64
3 67 68 66
3 65 66 68
3 67 69 70
3 70 68 67
3 71 69 72
3 69 71 70
3 71 72 73
3 74 75 76
3 77 78 79
3 80 81 82
3 33 83 35
3 84 85 86
3 87 88 74
3 89 90 91
3 92 93 81
3 94 93 29
3 95 96 97
3 98 89 99
3 100 99 101
3 102 103 104
3 105 106 107
3 108 109 106
3 85 95 110
3 109 111 112
3 76 113 87
3 114 84 115
3 116 117 118
3 119 113 117
3 120 121 122
3 123 124 122
3 115 125 88
3 126 127 128
3 129 130 131
3 132 133 134
3 135 128 136
3 137 138 129
3 139 140 141
3 142 143 144
3 145 146 147
3 146 148 149
3 144 150 151
3 152 153 154
3 154 155 156
3 154 156 152
3 157 74 158
3 159 160 157
3 157 161 75
3 160 162 163
3 161 160 164
3 165 163 166
3 167 164 163
3 168 169 165
3 165 170 167
3 169 171 172
3 170 169 173
3 174 172 175
3 176 173 172
3 177 178 174
3 174 179 176
3 179 178 180
3 181 182 180
3 183 181 178
3 182 184 185
3 181 186 184
3 187 185 188
3 188 184 189
3 190 191 187
3 192 190 188
3 191 193 194
3 190 195 193
3 196 194 197
3 197 193 198
3 77 199 196
3 200 77 197
3 201 199 79
3 201 202 203
3 79 204 202
3 205 206 207
3 206 202 208
3 209 210 211
3 212 205 207
3 211 210 213
3 214 209 215
3 211 215 209
3 216 217 214
3 214 215 216
3 218 219 220
3 220 221 222
3 217 219 218
3 213 212 207
3 222 218 220
3 223 206 205
3 224 225 226
3 203 206 223
3 226 225 221
3 71 73 224
3 227 203 223
3 203 227 228
3 229 230 123
3 227 231 228
3 232 233 231
3 233 228 231
3 233 232 234
3 127 129 235
3 236 234 237
3 234 232 237
3 238 239 240
3 236 237 241
3 242 236 241
3 243 244 242
3 241 243 242
3 244 243 245
3 244 245 238
3 246 239 247
3 248 147 139
3 249 250 251
3 240 239 246
3 252 242 244
3 253 234 236
3 242 252 254
3 233 255 256
3 236 254 253
3 201 228 256
3 234 253 255
3 208 257 207
3 233 234 255
3 213 258 211
3 233 256 228
3 228 201 203
3 215 211 259
3 213 210 212
3 203 202 206
3 216 215 260
3 206 208 207
3 261 219 262
3 213 257 258
3 211 258 259
3 261 263 220
3 216 219 217
3 260 215 259
3 221 264 226
3 262 219 216
3 261 220 219
3 224 226 71
3 222 221 225
3 264 221 263
3 70 71 226
3 244 240 252
3 240 244 238
3 265 266 251
3 254 236 242
3 240 267 252
3 254 268 253
3 269 252 267
3 255 270 271
3 254 269 268
3 256 271 199
3 253 268 270
3 204 272 208
3 270 255 253
3 257 273 258
3 255 271 256
3 201 256 199
3 259 258 274
3 257 213 207
3 79 202 201
3 260 259 275
3 202 204 208
3 276 262 277
3 257 272 273
3 258 273 274
3 276 278 261
3 260 262 216
3 275 259 274
3 264 279 68
3 277 262 260
3 276 261 262
3 264 68 70
3 220 263 221
3 263 278 279
3 70 226 264
3 246 267 240
3 250 280 247
3 280 250 249
3 269 254 252
3 281 267 246
3 269 282 268
3 283 267 281
3 270 284 285
3 269 283 282
3 196 271 285
3 268 282 284
3 286 204 78
3 284 270 268
3 272 287 273
3 271 270 285
3 199 271 196
3 274 273 288
3 272 257 208
3 77 79 199
3 275 274 289
3 79 78 204
3 290 277 291
3 272 286 287
3 273 287 288
3 290 292 276
3 275 277 260
3 289 274 288
3 279 293 65
3 291 277 275
3 290 276 277
3 68 279 65
3 261 278 263
3 293 278 292
3 263 279 264
3 246 280 281
3 280 246 247
3 294 295 296
3 283 269 267
3 295 297 265
3 283 298 282
3 281 299 300
3 301 284 302
3 298 283 300
3 194 285 301
3 282 298 302
3 303 78 200
3 302 284 282
3 286 304 287
3 285 284 301
3 285 194 196
3 288 287 305
3 286 272 204
3 196 197 77
3 289 288 306
3 77 200 78
3 307 291 308
3 286 303 304
3 287 304 305
3 307 309 290
3 289 291 275
3 306 288 305
3 293 310 64
3 291 289 308
3 307 290 291
3 65 293 64
3 276 292 278
3 310 292 309
3 278 293 279
3 280 299 281
3 299 280 249
3 311 312 296
3 300 283 281
3 249 313 299
3 300 314 298
3 315 299 313
3 316 302 317
3 314 300 315
3 301 316 191
3 298 314 317
3 198 318 200
3 317 302 298
3 303 319 304
3 301 302 316
3 194 301 191
3 305 304 320
3 303 286 78
3 194 193 197
3 306 305 321
3 198 200 197
3 322 308 323
3 303 318 319
3 304 319 320
3 324 307 322
3 306 308 289
3 321 305 320
3 310 325 62
3 323 308 306
3 322 307 308
3 64 310 62
3 290 309 292
3 325 309 324
3 292 310 293
3 249 266 313
3 266 249 251
3 326 327 328
3 315 300 299
3 266 329 313
3 315 330 314
3 331 313 329
3 332 317 333
3 315 331 330
3 187 316 332
3 314 330 333
3 195 334 198
3 333 317 314
3 335 319 318
3 316 317 332
3 191 316 187
3 320 319 336
3 318 303 200
3 190 193 191
3 321 320 337
3 193 195 198
3 338 323 339
3 318 334 335
3 319 335 336
3 338 340 322
3 321 323 306
3 337 320 336
3 325 341 59
3 339 323 321
3 338 322 323
3 62 325 59
3 307 324 309
3 341 324 340
3 309 325 310
3 266 297 329
3 297 266 265
3 294 296 312
3 331 315 313
3 342 329 297
3 331 343 330
3 329 342 344
3 345 333 346
3 343 331 344
3 185 332 345
3 330 343 346
3 347 195 192
3 346 333 330
3 334 348 335
3 333 345 332
3 187 332 185
3 336 335 349
3 334 318 198
3 187 188 190
3 337 336 350
3 190 192 195
3 351 339 352
3 334 347 348
3 335 348 349
3 351 353 338
3 337 339 321
3 350 336 349
3 340 354 341
3 352 339 337
3 351 338 339
3 59 341 58
3 322 340 324
3 354 340 353
3 324 341 325
3 297 294 342
3 294 297 295
3 355 312 311
3 344 331 329
3 356 342 294
3 344 357 343
3 358 342 356
3 346 359 360
3 344 358 357
3 182 345 360
3 343 357 359
3 189 361 192
3 346 343 359
3 347 362 348
3 345 346 360
3 185 345 182
3 349 348 363
3 347 334 195
3 185 184 188
3 350 349 364
3 188 189 192
3 365 352 366
3 347 361 362
3 348 362 363
3 365 367 351
3 350 352 337
3 364 349 363
3 368 354 353
3 366 352 350
3 365 351 352
3 354 56 58
3 338 353 340
3 353 367 368
3 58 341 354
3 312 356 294
3 369 355 311
3 355 369 370
3 358 344 342
3 371 356 312
3 358 372 357
3 356 371 373
3 374 359 375
3 372 358 373
3 180 360 374
3 372 375 357
3 186 376 189
3 375 359 357
3 361 377 362
3 360 359 374
3 182 360 180
3 363 362 378
3 361 347 192
3 182 181 184
3 364 363 379
3 184 186 189
3 380 366 381
3 361 376 377
3 362 377 378
3 380 382 365
3 364 366 350
3 379 363 378
3 383 368 367
3 381 366 364
3 380 365 366
3 354 368 56
3 351 367 353
3 367 382 383
3 53 56 368
3 355 371 312
3 384 370 369
3 385 386 387
3 373 358 356
3 355 388 371
3 389 372 373
3 371 388 390
3 391 375 392
3 389 373 390
3 179 374 391
3 389 392 372
3 183 393 186
3 392 375 372
3 376 394 377
3 375 391 374
3 180 374 179
3 378 377 395
3 376 361 189
3 178 181 180
3 379 378 396
3 183 186 181
3 397 381 398
3 376 393 394
3 394 395 377
3 397 399 380
3 379 381 364
3 396 378 395
3 382 400 383
3 381 379 398
3 397 380 381
3 383 53 368
3 365 382 367
3 382 399 400
3 52 53 383
3 370 388 355
3 328 401 384
3 327 401 328
3 390 373 371
3 402 388 370
3 403 389 390
3 404 388 402
3 392 405 406
3 390 404 403
3 176 391 406
3 389 403 405
3 407 183 177
3 392 389 405
3 408 394 393
3 391 392 406
3 391 176 179
3 395 394 409
3 393 376 186
3 174 178 179
3 395 410 396
3 178 177 183
3 411 398 412
3 407 408 393
3 394 408 409
3 413 397 411
3 396 398 379
3 395 409 410
3 414 400 399
3 412 398 396
3 397 398 411
3 50 52 400
3 380 399 382
3 399 413 414
3 52 383 400
3 370 401 402
3 401 370 384
3 415 416 417
3 404 390 388
3 401 418 402
3 404 419 403
3 402 418 420
3 421 405 422
3 419 404 420
3 406 421 173
3 419 422 403
3 423 177 175
3 422 405 403
3 407 424 408
3 405 421 406
3 406 173 176
3 408 425 409
3 407 393 183
3 176 172 174
3 410 409 426
3 175 177 174
3 412 427 428
3 407 423 424
3 424 425 408
3 428 429 411
3 410 412 396
3 426 409 425
3 414 413 430
3 412 410 427
3 428 411 412
3 400 414 50
3 397 413 399
3 430 413 429
3 47 50 414
3 327 418 401
3 385 431 326
3 387 431 385
3 420 404 402
3 432 418 327
3 433 419 420
3 434 418 432
3 422 435 436
3 420 434 433
3 421 436 170
3 419 433 435
3 171 437 175
3 422 419 435
3 438 424 423
3 422 436 421
3 173 421 170
3 425 424 439
3 423 407 177
3 169 172 173
3 425 440 426
3 172 171 175
3 441 427 442
3 437 438 423
3 424 438 439
3 443 428 441
3 426 427 410
3 425 439 440
3 429 444 430
3 442 427 426
3 428 427 441
3 414 430 47
3 411 429 413
3 429 443 444
3 46 47 430
3 327 431 432
3 431 327 326
3 445 446 447
3 434 420 418
3 431 448 432
3 434 449 433
3 432 448 450
3 435 451 452
3 434 450 449
3 167 436 452
3 433 449 451
3 453 171 168
3 435 433 451
3 437 454 438
3 436 435 452
3 436 167 170
3 438 455 439
3 437 423 175
3 170 165 169
3 440 439 456
3 168 171 169
3 442 457 458
3 437 453 454
3 454 455 438
3 458 459 441
3 440 442 426
3 456 439 455
3 444 443 460
3 442 440 457
3 441 442 458
3 44 46 444
3 428 443 429
3 443 459 460
3 46 430 444
3 387 448 431
3 417 461 386
3 461 417 416
3 450 434 432
3 462 448 387
3 450 463 449
3 448 462 464
3 465 451 466
3 463 450 464
3 452 465 164
3 463 466 449
3 166 467 168
3 466 451 449
3 468 454 453
3 451 465 452
3 167 452 164
3 455 454 469
3 453 437 171
3 163 165 167
3 455 470 456
3 165 166 168
3 471 457 472
3 467 468 453
3 454 468 469
3 473 458 471
3 456 457 440
3 455 469 470
3 474 460 459
3 457 456 472
3 471 458 457
3 444 460 44
3 441 459 443
3 459 473 474
3 41 44 460
3 387 461 462
3 461 387 386
3 475 416 415
3 464 450 448
3 476 462 461
3 477 463 464
3 478 462 476
3 466 479 480
3 464 478 477
3 161 465 480
3 463 477 479
3 481 166 162
3 466 463 479
3 467 482 468
3 465 466 480
3 465 161 164
3 468 483 469
3 467 453 168
3 164 160 163
3 470 469 484
3 162 166 163
3 472 485 486
3 467 481 482
3 482 483 468
3 487 471 486
3 470 472 456
3 469 483 484
3 488 474 473
3 485 472 470
3 471 472 486
3 40 41 474
3 458 473 459
3 473 487 488
3 41 460 474
3 416 476 461
3 489 475 415
3 475 489 490
3 478 464 462
3 416 491 476
3 478 492 477
3 476 491 493
3 494 479 495
3 492 478 493
3 480 494 75
3 492 495 477
3 159 496 162
3 495 479 477
3 497 482 481
3 479 494 480
3 161 480 75
3 483 482 498
3 481 467 166
3 157 160 161
3 483 499 484
3 160 159 162
3 485 500 501
3 496 497 481
3 497 498 482
3 501 502 486
3 484 485 470
3 499 483 498
3 503 488 487
3 485 484 500
3 501 486 485
3 474 488 40
3 471 487 473
3 503 487 502
3 1 40 488
3 475 491 416
3 445 490 489
3 504 505 506
3 493 478 476
3 507 508 446
3 509 492 493
3 510 491 511
3 495 512 513
3 493 510 509
3 76 494 513
3 492 509 512
3 514 159 158
3 495 492 512
3 496 515 497
3 494 495 513
3 494 76 75
3 497 516 498
3 496 481 162
3 75 74 157
3 498 517 499
3 158 159 157
3 518 500 519
3 514 515 496
3 497 515 516
3 520 501 518
3 499 500 484
3 498 516 517
3 503 521 2
3 519 500 499
3 501 500 518
3 503 2 1
3 486 502 487
3 502 520 521
3 1 488 503
3 475 511 491
3 490 511 475
3 447 446 508
3 510 493 491
3 522 511 490
3 510 523 509
3 511 522 524
3 118 512 525
3 510 524 523
3 513 118 113
3 523 525 509
3 88 526 158
3 525 512 509
3 527 515 514
3 118 513 512
3 513 113 76
3 515 528 516
3 514 496 159
3 87 74 76
3 517 516 529
3 74 88 158
3 519 530 531
3 526 527 514
3 527 528 515
3 531 532 518
3 517 519 499
3 516 528 529
3 521 520 533
3 530 519 517
3 518 519 531
3 2 521 3
3 501 520 502
3 520 532 533
3 502 521 503
3 490 447 522
3 447 490 445
3 508 507 534
3 524 510 511
3 535 522 447
3 524 536 523
3 522 535 537
3 525 538 116
3 536 524 537
3 116 124 539
3 536 538 523
3 87 119 115
3 538 525 523
3 526 540 527
3 116 118 525
3 113 118 117
3 527 541 528
3 526 514 158
3 119 87 113
3 528 542 529
3 115 88 87
3 530 543 544
3 125 540 526
3 540 541 527
3 544 545 531
3 529 530 517
3 542 528 541
3 546 533 532
3 543 530 529
3 531 530 544
3 533 3 521
3 518 532 520
3 532 545 546
3 5 3 533
3 508 535 447
3 547 534 507
3 548 534 547
3 537 524 522
3 549 535 508
3 550 536 537
3 551 535 549
3 538 552 124
3 551 550 537
3 117 539 553
3 550 552 536
3 119 553 114
3 538 536 552
3 86 540 125
3 124 116 538
3 116 539 117
3 540 554 541
3 125 526 88
3 119 117 553
3 541 555 542
3 114 115 119
3 556 543 557
3 84 86 125
3 540 86 554
3 556 558 544
3 542 543 529
3 541 554 555
3 559 8 546
3 543 542 557
3 544 543 556
3 8 5 546
3 531 545 532
3 545 558 559
3 5 533 546
3 534 549 508
3 560 548 547
3 561 562 563
3 551 537 535
3 534 564 549
3 565 550 551
3 549 564 566
3 120 122 552
3 551 566 565
3 539 123 567
3 120 550 565
3 553 567 96
3 552 550 120
3 114 96 95
3 124 552 122
3 539 124 123
3 86 568 554
3 84 125 115
3 567 553 539
3 555 554 569
3 96 114 553
3 557 570 571
3 84 95 85
3 85 568 86
3 572 556 571
3 555 557 542
3 554 568 569
3 573 9 559
3 557 555 570
3 571 556 557
3 8 559 9
3 544 558 545
3 573 558 572
3 545 559 546
3 548 564 534
3 506 574 560
3 574 506 505
3 566 551 549
3 575 564 548
3 131 565 566
3 564 575 576
3 565 130 120
3 576 131 566
3 229 123 122
3 131 130 565
3 230 567 123
3 120 130 121
3 577 96 567
3 122 121 229
3 112 110 97
3 568 85 578
3 95 84 114
3 577 567 230
3 568 579 569
3 97 96 577
3 570 580 581
3 97 110 95
3 110 578 85
3 582 571 581
3 569 570 555
3 568 578 579
3 573 583 11
3 580 570 569
3 571 570 581
3 9 573 11
3 556 572 558
3 583 572 582
3 558 573 559
3 548 574 575
3 574 548 560
3 505 504 584
3 576 566 564
3 585 575 574
3 235 131 576
3 575 585 586
3 121 130 138
3 235 576 586
3 229 121 587
3 235 129 131
3 230 229 588
3 130 129 138
3 577 230 589
3 121 138 587
3 97 577 590
3 587 588 229
3 110 111 578
3 588 589 230
3 578 591 579
3 589 590 577
3 580 592 593
3 590 112 97
3 112 111 110
3 593 594 581
3 579 580 569
3 591 578 111
3 583 582 595
3 592 580 579
3 581 580 593
3 11 583 14
3 571 582 572
3 582 594 595
3 572 583 573
3 505 585 574
3 596 584 504
3 584 596 597
3 586 576 575
3 598 585 505
3 586 128 235
3 598 136 585
3 138 599 587
3 586 136 128
3 587 600 588
3 235 128 127
3 588 601 589
3 129 127 137
3 589 602 590
3 138 137 599
3 590 603 112
3 587 599 600
3 109 603 107
3 588 600 601
3 111 108 591
3 589 601 602
3 604 592 605
3 603 590 602
3 112 603 109
3 604 606 593
3 591 592 579
3 111 109 108
3 607 595 594
3 592 591 605
3 593 592 604
3 595 14 583
3 581 594 582
3 594 606 607
3 15 14 595
3 584 598 505
3 608 597 596
3 609 597 608
3 136 586 585
3 610 598 584
3 611 134 135
3 598 610 611
3 612 137 127
3 611 135 136
3 613 599 137
3 126 128 135
3 614 600 599
3 612 127 126
3 615 601 600
3 613 137 612
3 616 602 601
3 614 599 613
3 617 603 602
3 615 600 614
3 618 619 620
3 615 616 601
3 605 621 622
3 616 617 602
3 617 107 603
3 623 604 622
3 108 605 591
3 109 107 106
3 624 17 607
3 605 108 621
3 604 605 622
3 17 15 607
3 593 606 594
3 606 623 624
3 15 595 607
3 597 610 584
3 625 609 608
3 626 627 145
3 611 136 598
3 628 610 597
3 629 126 135
3 610 628 132
3 630 612 126
3 134 611 132
3 631 613 612
3 629 135 134
3 632 614 613
3 630 126 629
3 633 615 614
3 631 612 630
3 634 616 615
3 632 613 631
3 635 617 616
3 633 614 632
3 636 107 617
3 615 633 634
3 621 91 637
3 616 634 635
3 636 617 635
3 638 622 637
3 106 621 108
3 107 636 105
3 639 20 624
3 621 106 91
3 637 622 621
3 17 624 20
3 604 623 606
3 639 623 638
3 606 624 607
3 609 628 597
3 563 640 625
3 563 562 640
3 132 611 610
3 609 641 628
3 642 629 134
3 641 151 628
3 643 630 629
3 133 132 151
3 644 631 630
3 642 134 133
3 645 632 631
3 643 629 642
3 646 633 632
3 644 630 643
3 647 634 633
3 645 631 644
3 620 635 634
3 646 632 645
3 619 636 635
3 647 633 646
3 101 105 636
3 647 620 634
3 620 619 635
3 648 637 90
3 105 91 106
3 636 619 101
3 649 639 638
3 89 91 105
3 637 91 90
3 20 639 21
3 622 638 623
3 638 648 649
3 623 639 624
3 609 640 641
3 640 609 625
3 561 140 562
3 151 132 628
3 641 640 650
3 133 150 651
3 144 151 641
3 642 651 652
3 150 133 151
3 643 652 653
3 651 642 133
3 644 653 654
3 652 643 642
3 645 654 655
3 653 644 643
3 646 655 656
3 654 645 644
3 647 656 657
3 655 646 645
3 620 657 618
3 656 647 646
3 619 618 100
3 657 620 647
3 99 658 103
3 98 659 90
3 101 89 105
3 619 100 101
3 660 649 648
3 99 89 101
3 90 89 98
3 649 21 639
3 637 648 638
3 648 659 660
3 23 21 649
3 562 650 640
3 141 140 561
3 661 150 143
3 650 144 641
3 562 662 650
3 663 651 661
3 142 144 650
3 664 652 663
3 143 150 144
3 665 653 664
3 661 651 150
3 666 654 665
3 663 652 651
3 667 655 666
3 664 653 652
3 668 656 667
3 665 654 653
3 669 657 668
3 666 655 654
3 670 618 669
3 667 656 655
3 658 100 670
3 668 657 656
3 671 80 82
3 618 657 669
3 103 672 98
3 100 618 670
3 673 26 660
3 99 100 658
3 98 99 103
3 26 23 660
3 90 659 648
3 659 672 673
3 23 649 660
3 140 662 562
3 248 139 141
3 142 674 675
3 662 142 650
3 140 676 662
3 143 675 677
3 662 674 142
3 661 677 678
3 142 675 143
3 663 678 679
3 143 677 661
3 664 679 680
3 661 678 663
3 665 680 681
3 663 679 664
3 666 681 682
3 664 680 665
3 667 682 683
3 665 681 666
3 668 683 684
3 666 682 667
3 669 684 685
3 667 683 668
3 670 685 686
3 668 684 669
3 658 686 104
3 685 670 669
3 94 27 673
3 686 658 670
3 104 103 658
3 26 673 27
3 98 672 659
3 94 672 102
3 659 673 660
3 139 676 140
3 626 147 248
3 674 687 688
3 676 674 662
3 139 689 676
3 675 688 690
3 676 687 674
3 677 690 691
3 674 688 675
3 678 691 692
3 675 690 677
3 679 692 693
3 677 691 678
3 680 693 694
3 678 692 679
3 681 694 695
3 679 693 680
3 682 695 696
3 680 694 681
3 683 696 697
3 681 695 682
3 684 697 698
3 682 696 683
3 685 698 699
3 683 697 684
3 686 699 82
3 684 698 685
3 104 82 81
3 686 685 699
3 104 686 82
3 27 94 29
3 103 102 672
3 93 102 81
3 672 94 673
3 139 147 689
3 145 156 700
3 149 687 689
3 689 687 676
3 689 146 149
3 701 688 687
3 687 149 701
3 702 690 688
3 688 701 702
3 703 691 690
3 690 702 703
3 704 692 691
3 691 703 704
3 705 693 692
3 692 704 705
3 706 694 693
3 693 705 706
3 707 695 694
3 694 706 707
3 708 696 695
3 695 707 708
3 709 697 696
3 696 708 709
3 710 698 697
3 697 709 710
3 711 699 698
3 698 710 711
3 671 82 699
3 699 711 671
3 33 92 83
3 29 93 32
3 104 81 102
3 81 80 92
3 102 93 94
3 626 145 147
3 156 627 152
3 701 149 712
3 147 146 689
3 146 700 148
3 702 701 713
3 149 148 712
3 703 702 714
3 701 712 713
3 704 703 715
3 702 713 714
3 705 704 716
3 703 714 715
3 706 705 717
3 704 715 716
3 707 706 718
3 705 716 717
3 708 707 719
3 706 717 718
3 709 708 720
3 707 718 719
3 710 709 721
3 708 719 720
3 711 710 722
3 709 720 721
3 671 711 723
3 710 721 722
3 80 671 724
3 711 722 723
3 92 80 83
3 723 724 671
3 92 32 93
3 80 724 83
3 33 32 92
3 627 156 145
3 145 700 146
3 155 725 700
3 156 155 700
3 725 726 148
3 700 725 148
3 726 727 712
3 148 726 712
3 727 728 713
3 712 727 713
3 728 729 714
3 713 728 714
3 729 730 715
3 714 729 715
3 730 731 716
3 715 730 716
3 731 732 717
3 716 731 717
3 732 733 718
3 717 732 718
3 733 734 719
3 718 733 719
3 734 735 720
3 719 734 720
3 735 736 721
3 720 735 721
3 736 737 722
3 721 736 722
3 737 738 723
3 722 737 723
3 738 739 724
3 723 738 724
3 35 83 739
3 724 739 83
3 740 37 35
3 741 742 743
3 744 745 746
3 747 748 749
3 750 751 752
3 753 754 755
3 756 757 758
3 759 760 761
3 762 763 764
3 765 766 767
3 768 769 770
3 771 772 773
3 774 775 776
3 777 778 779
3 780 781 782
3 783 784 785
3 786 787 788
3 789 790 791
3 792 793 794
3 795 790 796
3 790 795 791
3 797 798 796
3 795 796 798
3 797 799 800
3 800 798 797
3 801 799 802
3 799 801 800
3 803 804 802
3 801 802 804
3 803 805 806
3 806 804 803
3 807 805 808
3 805 807 806
3 73 809 808
3 807 808 809
3 72 809 73
3 792 789 793
3 789 791 793
3 783 785 794
3 785 792 794
3 788 787 784
3 788 784 783
3 786 778 777
3 786 777 787
3 779 780 782
3 778 780 779
3 772 781 773
3 782 781 772
3 774 771 775
3 771 773 775
3 765 767 776
3 767 774 776
3 770 769 766
3 770 766 765
3 768 760 759
3 768 759 769
3 761 762 764
3 760 762 761
3 754 763 755
3 764 763 754
3 756 753 757
3 753 755 757
3 747 749 758
3 749 756 758
3 752 751 748
3 752 748 747
3 750 742 741
3 750 741 751
3 743 745 744
3 742 745 743
3 740 746 37
3 744 746 740
3 810 55 811
3 812 813 12
3 813 814 10
3 812 13 815
3 814 816 7
3 817 13 16
3 818 6 816
3 16 18 819
3 818 4 6
3 820 819 18
3 821 0 4
3 822 820 19
3 0 823 824
3 825 822 22
3 824 826 38
3 827 825 24
3 828 39 826
3 829 827 25
3 42 828 830
3 28 831 25
3 830 832 43
3 30 833 834
3 43 832 45
3 835 836 36
3 837 49 838
3 839 60 840
3 746 745 841
3 842 63 843
3 844 750 752
3 758 845 747
3 755 846 847
3 848 67 66
3 760 768 849
3 850 72 69
3 851 852 765
3 809 853 807
3 773 854 855
3 800 801 856
3 857 858 780
3 859 791 860
3 788 861 862
3 863 857 778
3 862 863 786
3 864 794 793
3 865 783 866
3 773 781 867
3 781 780 858
3 798 800 868
3 795 869 860
3 870 851 776
3 775 855 870
3 806 871 872
3 804 873 801
3 770 852 874
3 875 876 72
3 768 770 874
3 877 878 760
3 72 850 875
3 69 879 850
3 762 878 880
3 847 881 757
3 67 848 879
3 842 848 66
3 881 758 757
3 747 882 883
3 63 842 66
3 843 63 61
3 742 884 885
3 61 839 843
3 886 60 57
3 745 885 841
3 37 746 887
3 57 55 810
3 54 888 811
3 37 889 835
3 890 34 836
3 51 837 888
3 838 48 891
3 890 833 31
3 28 30 834
3 892 48 45
3 763 880 846
3 69 67 879
3 861 783 865
3 61 60 839
3 840 60 886
3 886 57 810
3 55 54 811
3 54 51 888
3 51 49 837
3 49 48 838
3 891 48 892
3 892 45 832
3 43 42 830
3 42 39 828
3 39 38 826
3 38 0 824
3 823 0 821
3 821 4 818
3 6 7 816
3 7 10 814
3 10 12 813
3 12 13 812
3 815 13 817
3 817 16 819
3 18 19 820
3 19 22 822
3 22 24 825
3 24 25 827
3 829 25 831
3 831 28 834
3 30 31 833
3 31 34 890
3 34 36 836
3 36 37 835
3 889 37 887
3 887 746 841
3 745 742 885
3 742 750 884
3 750 844 884
3 752 747 883
3 752 883 844
3 882 747 845
3 845 758 881
3 757 755 847
3 755 763 846
3 763 762 880
3 762 760 878
3 877 760 849
3 849 768 874
3 770 765 852
3 765 776 851
3 776 775 870
3 775 773 855
3 854 773 867
3 867 781 858
3 780 778 857
3 778 786 863
3 786 788 862
3 788 783 861
3 783 794 866
3 864 793 859
3 866 794 864
3 860 791 795
3 859 793 791
3 869 795 798
3 893 868 800
3 868 869 798
3 801 873 856
3 800 856 893
3 804 872 873
3 806 807 871
3 804 806 872
3 853 809 876
3 871 807 853
3 72 876 809
3 894 895 896
3 897 547 898
3 899 900 894
3 895 894 900
3 901 899 902
3 899 901 900
3 902 903 904
3 904 901 902
3 905 906 903
3 904 903 906
3 905 907 906
3 908 909 907
3 907 905 908
3 910 909 911
3 908 911 909
3 910 912 913
3 912 910 911
3 153 914 913
3 913 912 153
3 915 916 626
3 627 917 152
3 561 918 919
3 248 141 920
3 921 608 922
3 923 563 625
3 924 925 506
3 504 926 596
3 507 927 898
3 560 547 897
3 245 489 238
3 928 446 445
3 250 247 386
3 417 239 415
3 328 295 265
3 385 326 251
3 296 384 369
3 296 295 384
3 296 369 311
3 265 326 328
3 295 328 384
3 250 385 251
3 251 326 265
3 417 386 247
3 386 385 250
3 415 239 238
3 417 247 239
3 489 245 445
3 415 238 489
3 928 927 446
3 245 928 445
3 898 547 507
3 927 507 446
3 560 897 924
3 925 504 506
3 924 506 560
3 922 596 926
3 926 504 925
3 625 608 921
3 608 596 922
3 563 923 918
3 625 921 923
3 918 561 563
3 141 919 920
3 561 919 141
3 248 915 626
3 920 915 248
3 916 917 627
3 916 627 626
3 153 152 914
3 914 152 917
3 929 930 931
3 932 933 728
3 729 728 933
3 728 727 932
3 727 934 932
3 935 936 937
3 938 939 940
3 726 725 941
3 726 941 934
3 942 155 943
3 725 942 941
3 154 943 155
3 944 905 903
3 154 153 945
3 946 947 897
3 948 912 911
3 727 726 934
3 945 153 912
3 949 950 951
3 952 953 929
3 954 955 956
3 957 958 951
3 959 960 961
3 962 963 956
3 964 965 966
3 961 963 967
3 968 969 970
3 971 972 966
3 973 974 975
3 971 968 976
3 977 978 979
3 980 973 970
3 808 981 73
3 982 977 983
3 984 985 986
3 987 988 989
3 990 991 992
3 993 994 995
3 996 997 998
3 999 1000 985
3 1001 1002 1003
3 1004 1005 1006
3 1007 1008 937
3 1009 1010 935
3 1011 1012 1013
3 1014 1015 1007
3 947 1016 924
3 1017 1013 1018
3 1019 1020 946
3 1020 1021 1022
3 243 241 1023
3 928 243 1023
3 245 243 928
3 1024 1025 1026
3 1002 938 1027
3 1028 935 1029
3 996 1030 1031
3 1004 1032 1033
3 1034 991 1035
3 1036 1034 1037
3 993 1038 1039
3 1040 1041 995
3 1042 1043 1044
3 1045 803 1046
3 1031 1000 1047
3 1045 1048 1049
3 1050 1051 1048
3 987 1052 998
3 987 1053 978
3 1033 1052 989
3 977 1054 974
3 988 978 982
3 968 973 1055
3 983 974 980
3 1056 959 966
3 965 969 971
3 961 1057 956
3 959 967 964
3 951 955 1058
3 955 958 962
3 952 950 1059
3 950 1060 957
3 1061 1062 929
3 952 931 1060
3 1063 1064 1062
3 1062 1065 930
3 1064 1066 1067
3 1065 1064 933
3 1068 730 1067
3 729 933 1067
3 1068 1069 731
3 1067 730 729
3 733 732 1070
3 730 1068 731
3 1071 734 733
3 1070 732 1069
3 734 1072 735
3 1070 1071 733
3 1073 736 1074
3 734 1071 1072
3 1073 1075 737
3 1074 736 735
3 738 1076 739
3 736 1073 737
3 35 739 740
3 1076 738 1075
3 945 943 154
3 1077 911 908
3 948 911 1077
3 942 725 155
3 1078 943 945
3 1079 941 942
3 943 1078 1080
3 934 1081 1082
3 942 1080 1079
3 1065 932 1082
3 941 1079 1081
3 1066 1083 1068
3 934 941 1081
3 1069 1084 1070
3 934 1082 932
3 932 1065 933
3 1071 1070 1085
3 1069 732 731
3 933 1064 1067
3 1072 1071 1086
3 1067 1066 1068
3 1087 1074 1088
3 1069 1083 1084
3 1070 1084 1085
3 1087 1089 1073
3 1072 1074 735
3 1086 1071 1085
3 1075 1090 1076
3 1088 1074 1072
3 1087 1073 1074
3 739 1076 740
3 737 1075 738
3 1090 1075 1089
3 744 740 1076
3 945 948 1078
3 948 945 912
3 902 1091 903
3 1080 942 943
3 948 1092 1078
3 1080 1093 1079
3 1094 1078 1092
3 1081 1095 1096
3 1080 1094 1093
3 1082 1096 930
3 1079 1093 1095
3 1063 1097 1066
3 1095 1081 1079
3 1083 1098 1084
3 1081 1096 1082
3 1065 1082 930
3 1085 1084 1099
3 1083 1069 1068
3 1062 1064 1065
3 1086 1085 1100
3 1064 1063 1066
3 1101 1088 1102
3 1083 1097 1098
3 1084 1098 1099
3 1101 1103 1087
3 1086 1088 1072
3 1100 1085 1099
3 1090 1104 743
3 1102 1088 1086
3 1101 1087 1088
3 1090 743 744
3 1073 1089 1075
3 1089 1103 1104
3 744 1076 1090
3 1077 1092 948
3 905 1105 908
3 1105 905 944
3 1094 1080 1078
3 1106 1092 1077
3 1094 1107 1093
3 1108 1092 1106
3 1095 1109 1110
3 1094 1108 1107
3 931 1096 1110
3 1093 1107 1109
3 1111 1063 1061
3 1109 1095 1093
3 1097 1112 1098
3 1096 1095 1110
3 930 1096 931
3 1099 1098 1113
3 1097 1083 1066
3 929 1062 930
3 1100 1099 1114
3 1062 1061 1063
3 1115 1102 1116
3 1097 1111 1112
3 1098 1112 1113
3 1115 1117 1101
3 1100 1102 1086
3 1114 1099 1113
3 1104 1118 741
3 1116 1102 1100
3 1115 1101 1102
3 743 1104 741
3 1087 1103 1089
3 1118 1103 1117
3 1089 1104 1090
3 1077 1105 1106
3 1105 1077 908
3 1119 899 894
3 1108 1094 1092
3 899 1120 902
3 1108 1121 1107
3 1106 1122 1123
3 1124 1109 1125
3 1121 1108 1123
3 1060 1110 1124
3 1107 1121 1125
3 1126 1061 953
3 1125 1109 1107
3 1111 1127 1112
3 1110 1109 1124
3 1110 1060 931
3 1113 1112 1128
3 1111 1097 1063
3 931 952 929
3 1114 1113 1129
3 929 953 1061
3 1130 1116 1131
3 1111 1126 1127
3 1112 1127 1128
3 1130 1132 1115
3 1114 1116 1100
3 1129 1113 1128
3 1118 1133 751
3 1116 1114 1131
3 1130 1115 1116
3 741 1118 751
3 1101 1117 1103
3 1133 1117 1132
3 1103 1118 1104
3 1105 1122 1106
3 1122 1105 944
3 896 1134 894
3 1123 1108 1106
3 944 1135 1122
3 1123 1136 1121
3 1137 1122 1135
3 1138 1125 1139
3 1136 1123 1137
3 1124 1138 957
3 1121 1136 1139
3 1059 1140 953
3 1139 1125 1121
3 1126 1141 1127
3 1124 1125 1138
3 1060 1124 957
3 1128 1127 1142
3 1126 1111 1061
3 1060 950 952
3 1129 1128 1143
3 1059 953 952
3 1144 1131 1145
3 1126 1140 1141
3 1127 1141 1142
3 1146 1130 1144
3 1129 1131 1114
3 1143 1128 1142
3 1133 1147 748
3 1145 1131 1129
3 1144 1130 1131
3 751 1133 748
3 1115 1132 1117
3 1147 1132 1146
3 1117 1133 1118
3 944 1091 1135
3 1091 944 903
3 904 1148 901
3 1137 1123 1122
3 1091 1149 1135
3 1137 1150 1136
3 1151 1135 1149
3 1152 1139 1153
3 1137 1151 1150
3 958 1138 1152
3 1136 1150 1153
3 949 1154 1059
3 1153 1139 1136
3 1155 1141 1140
3 1138 1139 1152
3 957 1138 958
3 1142 1141 1156
3 1140 1126 953
3 951 950 957
3 1143 1142 1157
3 950 949 1059
3 1158 1145 1159
3 1140 1154 1155
3 1141 1155 1156
3 1158 1160 1144
3 1143 1145 1129
3 1157 1142 1156
3 1147 1161 749
3 1159 1145 1143
3 1158 1144 1145
3 748 1147 749
3 1130 1146 1132
3 1161 1146 1160
3 1132 1147 1133
3 1091 1120 1149
3 1120 1091 902
3 1119 894 1134
3 1151 1137 1135
3 1162 1149 1120
3 1151 1163 1150
3 1149 1162 1164
3 1165 1153 1166
3 1163 1151 1164
3 962 1152 1165
3 1150 1163 1166
3 1167 949 1058
3 1166 1153 1150
3 1154 1168 1155
3 1153 1165 1152
3 958 1152 962
3 1156 1155 1169
3 1154 1140 1059
3 958 955 951
3 1157 1156 1170
3 951 1058 949
3 1171 1159 1172
3 1154 1167 1168
3 1155 1168 1169
3 1171 1173 1158
3 1157 1159 1143
3 1170 1156 1169
3 1160 1174 1161
3 1172 1159 1157
3 1171 1158 1159
3 749 1161 756
3 1144 1160 1146
3 1174 1160 1173
3 1146 1161 1147
3 1120 1119 1162
3 1119 1120 899
3 1175 1134 896
3 1164 1151 1149
3 1176 1162 1119
3 1164 1177 1163
3 1178 1162 1176
3 1166 1179 1180
3 1164 1178 1177
3 963 1165 1180
3 1163 1177 1179
3 954 1181 1058
3 1166 1163 1179
3 1167 1182 1168
3 1165 1166 1180
3 962 1165 963
3 1169 1168 1183
3 1167 1154 949
3 962 956 955
3 1170 1169 1184
3 955 954 1058
3 1185 1172 1186
3 1167 1181 1182
3 1168 1182 1183
3 1185 1187 1171
3 1170 1172 1157
3 1184 1169 1183
3 1188 1174 1173
3 1186 1172 1170
3 1185 1171 1172
3 1174 753 756
3 1158 1173 1160
3 1173 1187 1188
3 756 1161 1174
3 1134 1176 1119
3 895 1175 896
3 1175 895 1189
3 1178 1164 1162
3 1190 1176 1134
3 1178 1191 1177
3 1176 1190 1192
3 1193 1179 1194
3 1191 1178 1192
3 967 1180 1193
3 1191 1194 1177
3 1057 1195 954
3 1194 1179 1177
3 1181 1196 1182
3 1180 1179 1193
3 963 1180 967
3 1183 1182 1197
3 1181 1167 1058
3 963 961 956
3 1184 1183 1198
3 956 1057 954
3 1199 1186 1200
3 1181 1195 1196
3 1182 1196 1197
3 1199 1201 1185
3 1184 1186 1170
3 1198 1183 1197
3 1202 1188 1187
3 1200 1186 1184
3 1199 1185 1186
3 1174 1188 753
3 1171 1187 1173
3 1187 1201 1202
3 754 753 1188
3 1175 1190 1134
3 900 1189 895
3 906 907 1203
3 1192 1178 1176
3 1175 1204 1190
3 1205 1191 1192
3 1190 1204 1206
3 1207 1194 1208
3 1205 1192 1206
3 964 1193 1207
3 1205 1208 1191
3 960 1209 1057
3 1208 1194 1191
3 1195 1210 1196
3 1194 1207 1193
3 967 1193 964
3 1197 1196 1211
3 1195 1181 954
3 959 961 967
3 1198 1197 1212
3 960 1057 961
3 1213 1200 1214
3 1195 1209 1210
3 1210 1211 1196
3 1213 1215 1199
3 1198 1200 1184
3 1212 1197 1211
3 1201 1216 1202
3 1200 1198 1214
3 1213 1199 1200
3 1202 754 1188
3 1185 1201 1187
3 1201 1215 1216
3 764 754 1202
3 1189 1204 1175
3 901 1217 900
3 1148 1217 901
3 1206 1192 1190
3 1218 1204 1189
3 1219 1205 1206
3 1220 1204 1218
3 1208 1221 1222
3 1206 1220 1219
3 965 1207 1222
3 1205 1219 1221
3 1223 960 1056
3 1208 1205 1221
3 1224 1210 1209
3 1207 1208 1222
3 1207 965 964
3 1211 1210 1225
3 1209 1195 1057
3 966 959 964
3 1211 1226 1212
3 959 1056 960
3 1227 1214 1228
3 1223 1224 1209
3 1210 1224 1225
3 1229 1213 1227
3 1212 1214 1198
3 1211 1225 1226
3 1230 1216 1215
3 1228 1214 1212
3 1213 1214 1227
3 761 764 1216
3 1199 1215 1201
3 1215 1229 1230
3 764 1202 1216
3 1189 1217 1218
3 1217 1189 900
3 910 1231 909
3 1220 1206 1204
3 1217 1232 1218
3 1220 1233 1219
3 1218 1232 1234
3 1235 1221 1236
3 1233 1220 1234
3 1222 1235 969
3 1233 1236 1219
3 1237 1056 972
3 1236 1221 1219
3 1223 1238 1224
3 1221 1235 1222
3 1222 969 965
3 1224 1239 1225
3 1223 1209 960
3 965 971 966
3 1226 1225 1240
3 972 1056 966
3 1228 1241 1242
3 1223 1237 1238
3 1238 1239 1224
3 1242 1243 1227
3 1226 1228 1212
3 1240 1225 1239
3 1230 1229 1244
3 1228 1226 1241
3 1242 1227 1228
3 1216 1230 761
3 1213 1229 1215
3 1244 1229 1243
3 759 761 1230
3 1148 1232 1217
3 906 1245 904
3 1203 1245 906
3 1234 1220 1218
3 1246 1232 1148
3 1247 1233 1234
3 1248 1232 1246
3 1236 1249 1250
3 1234 1248 1247
3 1235 1250 970
3 1233 1247 1249
3 976 1251 972
3 1236 1233 1249
3 1252 1238 1237
3 1236 1250 1235
3 969 1235 970
3 1239 1238 1253
3 1237 1223 1056
3 968 971 969
3 1239 1254 1240
3 971 976 972
3 1255 1241 1256
3 1251 1252 1237
3 1238 1252 1253
3 1257 1242 1255
3 1240 1241 1226
3 1239 1253 1254
3 1243 1258 1244
3 1256 1241 1240
3 1242 1241 1255
3 1230 1244 759
3 1227 1243 1229
3 1243 1257 1258
3 769 759 1244
3 1148 1245 1246
3 1245 1148 904
3 914 917 1259
3 1248 1234 1232
3 1245 1260 1246
3 1248 1261 1247
3 1246 1260 1262
3 1249 1263 1264
3 1248 1262 1261
3 980 1250 1264
3 1247 1261 1263
3 1265 976 1055
3 1249 1247 1263
3 1251 1266 1252
3 1250 1249 1264
3 1250 980 970
3 1252 1267 1253
3 1251 1237 972
3 970 973 968
3 1254 1253 1268
3 1055 976 968
3 1256 1269 1270
3 1251 1265 1266
3 1266 1267 1252
3 1270 1271 1255
3 1254 1256 1240
3 1268 1253 1267
3 1258 1257 1272
3 1256 1254 1269
3 1255 1256 1270
3 766 769 1258
3 1242 1257 1243
3 1257 1271 1272
3 769 1244 1258
3 1203 1260 1245
3 909 1273 907
3 1273 909 1231
3 1262 1248 1246
3 1274 1260 1203
3 1262 1275 1261
3 1260 1274 1276
3 1277 1263 1278
3 1275 1262 1276
3 1264 1277 983
3 1275 1278 1261
3 975 1279 1055
3 1278 1263 1261
3 1280 1266 1265
3 1263 1277 1264
3 980 1264 983
3 1267 1266 1281
3 1265 1251 976
3 974 973 980
3 1267 1282 1268
3 973 975 1055
3 1283 1269 1284
3 1279 1280 1265
3 1266 1280 1281
3 1285 1270 1283
3 1268 1269 1254
3 1267 1281 1282
3 1286 1272 1271
3 1269 1268 1284
3 1283 1270 1269
3 1258 1272 766
3 1255 1271 1257
3 1271 1285 1286
3 767 766 1272
3 1203 1273 1274
3 1273 1203 907
3 1287 1231 910
3 1276 1262 1260
3 1288 1274 1273
3 1289 1275 1276
3 1290 1274 1288
3 1278 1291 1292
3 1276 1290 1289
3 982 1277 1292
3 1275 1289 1291
3 1293 975 1054
3 1278 1275 1291
3 1279 1294 1280
3 1277 1278 1292
3 1277 982 983
3 1280 1295 1281
3 1279 1265 1055
3 983 977 974
3 1282 1281 1296
3 1054 975 974
3 1284 1297 1298
3 1279 1293 1294
3 1294 1295 1280
3 1299 1283 1298
3 1282 1284 1268
3 1281 1295 1296
3 1300 1286 1285
3 1297 1284 1282
3 1283 1284 1298
3 774 767 1286
3 1270 1285 1271
3 1285 1299 1300
3 767 1272 1286
3 1231 1288 1273
3 913 1287 910
3 1287 913 1301
3 1290 1276 1274
3 1231 1302 1288
3 1290 1303 1289
3 1288 1302 1304
3 1305 1291 1306
3 1303 1290 1304
3 1292 1305 988
3 1303 1306 1289
3 979 1307 1054
3 1306 1291 1289
3 1308 1294 1293
3 1291 1305 1292
3 982 1292 988
3 1295 1294 1309
3 1293 1279 975
3 978 977 982
3 1295 1310 1296
3 977 979 1054
3 1297 1311 1312
3 1307 1308 1293
3 1308 1309 1294
3 1312 1313 1298
3 1296 1297 1282
3 1310 1295 1309
3 1314 1300 1299
3 1297 1296 1311
3 1312 1298 1297
3 1286 1300 774
3 1283 1299 1285
3 1314 1299 1313
3 771 774 1300
3 1287 1302 1231
3 914 1301 913
3 918 1315 919
3 1304 1290 1288
3 916 1316 917
3 1317 1303 1304
3 1318 1302 1319
3 1306 1320 1321
3 1304 1318 1317
3 989 1305 1321
3 1303 1317 1320
3 1322 979 1053
3 1306 1303 1320
3 1307 1323 1308
3 1305 1306 1321
3 1305 989 988
3 1308 1324 1309
3 1307 1293 1054
3 988 987 978
3 1309 1325 1310
3 1053 979 978
3 1326 1311 1327
3 1322 1323 1307
3 1308 1323 1324
3 1328 1312 1326
3 1310 1311 1296
3 1309 1324 1325
3 1314 1329 772
3 1327 1311 1310
3 1312 1311 1326
3 1314 772 771
3 1298 1313 1299
3 1313 1328 1329
3 771 1300 1314
3 1287 1319 1302
3 1301 1319 1287
3 1259 917 1316
3 1318 1304 1302
3 1330 1319 1301
3 1318 1331 1317
3 1319 1330 1332
3 1005 1320 1333
3 1318 1332 1331
3 1321 1005 1033
3 1331 1333 1317
3 998 1334 1053
3 1333 1320 1317
3 1335 1323 1322
3 1005 1321 1320
3 1321 1033 989
3 1323 1336 1324
3 1322 1307 979
3 1052 987 989
3 1325 1324 1337
3 987 998 1053
3 1327 1338 1339
3 1334 1335 1322
3 1335 1336 1323
3 1339 1340 1326
3 1325 1327 1310
3 1324 1336 1337
3 1329 1328 1341
3 1338 1327 1325
3 1326 1327 1339
3 772 1329 782
3 1312 1328 1313
3 1328 1340 1341
3 1313 1329 1314
3 1301 1259 1330
3 1259 1301 914
3 1316 916 1342
3 1332 1318 1319
3 1343 1330 1259
3 1332 1344 1331
3 1330 1343 1345
3 1333 1346 1006
3 1344 1332 1345
3 1006 1027 1347
3 1344 1346 1331
3 1052 1032 996
3 1346 1333 1331
3 1334 1348 1335
3 1006 1005 1333
3 1033 1005 1004
3 1335 1349 1336
3 1334 1322 1053
3 1032 1052 1033
3 1336 1350 1337
3 996 998 1052
3 1338 1351 1352
3 997 1348 1334
3 1348 1349 1335
3 1352 1353 1339
3 1337 1338 1325
3 1350 1336 1349
3 1354 1341 1340
3 1351 1338 1337
3 1339 1338 1352
3 1341 782 1329
3 1326 1340 1328
3 1340 1353 1354
3 779 782 1341
3 1316 1343 1259
3 915 1342 916
3 1355 1342 915
3 1345 1332 1330
3 1356 1343 1316
3 1357 1344 1345
3 1358 1343 1356
3 1346 1359 1027
3 1358 1357 1345
3 1004 1347 1360
3 1357 1359 1344
3 1032 1360 1030
3 1346 1344 1359
3 1047 1348 997
3 1027 1006 1346
3 1006 1347 1004
3 1348 1361 1349
3 997 1334 998
3 1032 1004 1360
3 1349 1362 1350
3 1030 996 1032
3 1363 1351 1364
3 1031 1047 997
3 1348 1047 1361
3 1363 1365 1352
3 1350 1351 1337
3 1349 1361 1362
3 1366 777 1354
3 1351 1350 1364
3 1352 1351 1363
3 777 779 1354
3 1339 1353 1340
3 1353 1365 1366
3 779 1341 1354
3 1342 1356 1316
3 920 1355 915
3 925 1367 926
3 1358 1345 1343
3 1342 1368 1356
3 1369 1357 1358
3 1356 1368 1370
3 1003 1002 1359
3 1358 1370 1369
3 1347 938 1371
3 1003 1357 1369
3 1360 1371 986
3 1359 1357 1003
3 1030 986 985
3 1027 1359 1002
3 1347 1027 938
3 1047 1372 1361
3 1031 997 996
3 1371 1360 1347
3 1362 1361 1373
3 986 1030 1360
3 1364 1374 1375
3 1031 985 1000
3 1000 1372 1047
3 1376 1363 1375
3 1362 1364 1350
3 1361 1372 1373
3 1377 787 1366
3 1364 1362 1374
3 1375 1363 1364
3 777 1366 787
3 1352 1365 1353
3 1377 1365 1376
3 1353 1366 1354
3 1355 1368 1342
3 919 1378 920
3 1378 919 1315
3 1370 1358 1356
3 1379 1368 1355
3 1028 1369 1370
3 1368 1379 1380
3 1369 1029 1003
3 1380 1028 1370
3 939 938 1002
3 1028 1029 1369
3 940 1371 938
3 1003 1029 1001
3 1381 986 1371
3 1002 1001 939
3 1036 999 984
3 1372 1000 1382
3 985 1031 1030
3 1381 1371 940
3 1372 1383 1373
3 984 986 1381
3 1374 1384 1385
3 984 999 985
3 999 1382 1000
3 1386 1375 1385
3 1373 1374 1362
3 1372 1382 1383
3 1377 1387 784
3 1384 1374 1373
3 1375 1374 1385
3 787 1377 784
3 1363 1376 1365
3 1387 1376 1386
3 1365 1377 1366
3 1355 1378 1379
3 1378 1355 920
3 1315 918 1388
3 1380 1370 1368
3 1389 1379 1378
3 936 1028 1380
3 1379 1389 1390
3 1001 1029 1010
3 936 1380 1390
3 939 1001 1391
3 936 935 1028
3 940 939 1392
3 1029 935 1010
3 1381 940 1393
3 1001 1010 1391
3 984 1381 1394
3 1391 1392 939
3 999 1037 1382
3 1392 1393 940
3 1382 1395 1383
3 1393 1394 1381
3 1384 1396 1397
3 1394 1036 984
3 1036 1037 999
3 1397 1398 1385
3 1383 1384 1373
3 1395 1382 1037
3 1387 1386 1399
3 1396 1384 1383
3 1385 1384 1397
3 784 1387 785
3 1375 1386 1376
3 1386 1398 1399
3 1376 1387 1377
3 1315 1389 1378
3 923 1388 918
3 1388 923 1400
3 1390 1380 1379
3 1401 1389 1315
3 1390 1007 936
3 1401 1014 1389
3 1010 1402 1391
3 1390 1014 1007
3 1391 1403 1392
3 936 1007 937
3 1392 1404 1393
3 935 937 1009
3 1393 1405 1394
3 1010 1009 1402
3 1394 1406 1036
3 1391 1402 1403
3 1034 1406 992
3 1392 1403 1404
3 1037 1035 1395
3 1393 1404 1405
3 1407 1396 1408
3 1406 1394 1405
3 1036 1406 1034
3 1407 1409 1397
3 1395 1396 1383
3 1037 1034 1035
3 1410 1399 1398
3 1396 1395 1408
3 1397 1396 1407
3 1399 785 1387
3 1385 1398 1386
3 1398 1409 1410
3 792 785 1399
3 1388 1401 1315
3 921 1400 923
3 1411 1400 921
3 1014 1390 1389
3 1412 1401 1388
3 1413 1024 1015
3 1401 1412 1413
3 1414 1009 937
3 1413 1015 1014
3 1415 1402 1009
3 1008 1007 1015
3 1416 1403 1402
3 1414 937 1008
3 1417 1404 1403
3 1415 1009 1414
3 1418 1405 1404
3 1416 1402 1415
3 1419 1406 1405
3 1417 1403 1416
3 1420 1421 1422
3 1417 1418 1404
3 1408 1423 1424
3 1418 1419 1405
3 1419 992 1406
3 1425 1407 1424
3 1035 1408 1395
3 1034 992 991
3 1426 789 1410
3 1408 1035 1423
3 1407 1408 1424
3 789 792 1410
3 1397 1409 1398
3 1409 1425 1426
3 792 1399 1410
3 1400 1412 1388
3 922 1411 921
3 898 927 1019
3 1413 1014 1401
3 1427 1412 1400
3 1428 1008 1015
3 1412 1427 1025
3 1429 1414 1008
3 1024 1413 1025
3 1430 1415 1414
3 1428 1015 1024
3 1431 1416 1415
3 1429 1008 1428
3 1432 1417 1416
3 1430 1414 1429
3 1433 1418 1417
3 1431 1415 1430
3 1434 1419 1418
3 1432 1416 1431
3 1435 992 1419
3 1417 1432 1433
3 1423 1041 1436
3 1418 1433 1434
3 1435 1419 1434
3 1437 1424 1436
3 991 1423 1035
3 992 1435 990
3 1438 790 1426
3 1423 991 1041
3 1436 1424 1423
3 789 1426 790
3 1407 1425 1409
3 1438 1425 1437
3 1409 1426 1410
3 1411 1427 1400
3 926 1439 922
3 926 1367 1439
3 1025 1413 1412
3 1411 1440 1427
3 1441 1428 1024
3 1440 1012 1427
3 1442 1429 1428
3 1026 1025 1012
3 1443 1430 1429
3 1441 1024 1026
3 1444 1431 1430
3 1442 1428 1441
3 1445 1432 1431
3 1443 1429 1442
3 1446 1433 1432
3 1444 1430 1443
3 1422 1434 1433
3 1445 1431 1444
3 1421 1435 1434
3 1446 1432 1445
3 1038 990 1435
3 1446 1422 1433
3 1422 1421 1434
3 1447 1436 1040
3 990 1041 991
3 1435 1421 1038
3 1448 1438 1437
3 995 1041 990
3 1436 1041 1040
3 790 1438 796
3 1424 1437 1425
3 1437 1447 1448
3 1425 1438 1426
3 1411 1439 1440
3 1439 1411 922
3 925 1016 1367
3 1012 1025 1427
3 1440 1439 1449
3 1026 1011 1450
3 1013 1012 1440
3 1441 1450 1451
3 1011 1026 1012
3 1442 1451 1452
3 1450 1441 1026
3 1443 1452 1453
3 1451 1442 1441
3 1444 1453 1454
3 1452 1443 1442
3 1445 1454 1455
3 1453 1444 1443
3 1446 1455 1456
3 1454 1445 1444
3 1422 1456 1420
3 1455 1446 1445
3 1421 1420 1039
3 1456 1422 1446
3 993 1457 1042
3 994 1458 1040
3 1038 995 990
3 1421 1039 1038
3 1459 1448 1447
3 993 995 1038
3 1040 995 994
3 1448 796 1438
3 1436 1447 1437
3 1447 1458 1459
3 797 796 1448
3 1367 1449 1439
3 924 1016 925
3 1460 1011 1017
3 1449 1013 1440
3 1367 1461 1449
3 1462 1450 1460
3 1018 1013 1449
3 1463 1451 1462
3 1017 1011 1013
3 1464 1452 1463
3 1460 1450 1011
3 1465 1453 1464
3 1462 1451 1450
3 1466 1454 1465
3 1463 1452 1451
3 1467 1455 1466
3 1464 1453 1452
3 1468 1456 1467
3 1465 1454 1453
3 1469 1420 1468
3 1466 1455 1454
3 1457 1039 1469
3 1467 1456 1455
3 1470 1051 1050
3 1420 1456 1468
3 1042 1471 994
3 1039 1420 1469
3 1472 799 1459
3 993 1039 1457
3 994 993 1042
3 799 797 1459
3 1040 1458 1447
3 1458 1471 1472
3 797 1448 1459
3 1016 1461 1367
3 897 947 924
3 1018 1473 1474
3 1461 1018 1449
3 1016 1475 1461
3 1017 1474 1476
3 1461 1473 1018
3 1460 1476 1477
3 1018 1474 1017
3 1462 1477 1478
3 1017 1476 1460
3 1463 1478 1479
3 1460 1477 1462
3 1464 1479 1480
3 1462 1478 1463
3 1465 1480 1481
3 1463 1479 1464
3 1466 1481 1482
3 1464 1480 1465
3 1467 1482 1483
3 1465 1481 1466
3 1468 1483 1484
3 1466 1482 1467
3 1469 1484 1485
3 1467 1483 1468
3 1457 1485 1043
3 1484 1469 1468
3 1046 802 1472
3 1485 1457 1469
3 1043 1042 1457
3 799 1472 802
3 994 1471 1458
3 1046 1471 1044
3 1458 1472 1459
3 947 1475 1016
3 898 946 897
3 1473 1486 1487
3 1475 1473 1461
3 947 1488 1475
3 1474 1487 1489
3 1475 1486 1473
3 1476 1489 1490
3 1473 1487 1474
3 1477 1490 1491
3 1474 1489 1476
3 1478 1491 1492
3 1476 1490 1477
3 1479 1492 1493
3 1477 1491 1478
3 1480 1493 1494
3 1478 1492 1479
3 1481 1494 1495
3 1479 1493 1480
3 1482 1495 1496
3 1480 1494 1481
3 1483 1496 1497
3 1481 1495 1482
3 1484 1497 1498
3 1482 1496 1483
3 1485 1498 1050
3 1483 1497 1484
3 1043 1050 1048
3 1485 1484 1498
3 1043 1485 1050
3 802 1046 803
3 1042 1044 1471
3 1045 1044 1048
3 1471 1046 1472
3 947 946 1488
3 1019 1023 1499
3 1022 1486 1488
3 1488 1486 1475
3 1488 1020 1022
3 1500 1487 1486
3 1486 1022 1500
3 1501 1489 1487
3 1487 1500 1501
3 1502 1490 1489
3 1489 1501 1502
3 1503 1491 1490
3 1490 1502 1503
3 1504 1492 1491
3 1491 1503 1504
3 1505 1493 1492
3 1492 1504 1505
3 1506 1494 1493
3 1493 1505 1506
3 1507 1495 1494
3 1494 1506 1507
3 1508 1496 1495
3 1495 1507 1508
3 1509 1497 1496
3 1496 1508 1509
3 1510 1498 1497
3 1497 1509 1510
3 1470 1050 1498
3 1498 1510 1470
3 808 1049 981
3 803 1045 805
3 1043 1048 1044
3 1048 1051 1049
3 1044 1045 1046
3 898 1019 946
3 1023 927 928
3 1500 1022 1511
3 946 1020 1488
3 1020 1499 1021
3 1501 1500 1512
3 1022 1021 1511
3 1502 1501 1513
3 1500 1511 1512
3 1503 1502 1514
3 1501 1512 1513
3 1504 1503 1515
3 1502 1513 1514
3 1505 1504 1516
3 1503 1514 1515
3 1506 1505 1517
3 1504 1515 1516
3 1507 1506 1518
3 1505 1516 1517
3 1508 1507 1519
3 1506 1517 1518
3 1509 1508 1520
3 1507 1518 1519
3 1510 1509 1521
3 1508 1519 1520
3 1470 1510 1522
3 1509 1520 1521
3 1051 1470 1523
3 1510 1521 1522
3 1049 1051 981
3 1522 1523 1470
3 1049 805 1045
3 1051 1523 981
3 808 805 1049
3 927 1023 1019
3 1019 1499 1020
3 241 237 1499
3 1023 241 1499
3 237 232 1021
3 1499 237 1021
3 232 231 1511
3 1021 232 1511
3 231 227 1512
3 1511 231 1512
3 227 223 1513
3 1512 227 1513
3 223 205 1514
3 1513 223 1514
3 205 212 1515
3 1514 205 1515
3 212 210 1516
3 1515 212 1516
3 210 209 1517
3 1516 210 1517
3 209 214 1518
3 1517 209 1518
3 214 217 1519
3 1518 214 1519
3 217 218 1520
3 1519 217 1520
3 218 222 1521
3 1520 218 1521
3 222 225 1522
3 1521 222 1522
3 225 224 1523
3 1522 225 1523
3 73 981 224
3 1523 224 981
3 823 1524 824
3 1525 826 824
3 824 1524 1525
3 828 826 1526
3 1525 1526 826
3 828 1527 830
3 1527 828 1526
3 1528 832 830
3 830 1527 1528
3 892 832 1529
3 1528 1529 832
3 892 1530 891
3 1530 892 1529
3 1531 838 891
3 891 1530 1531
3 837 838 1532
3 1531 1532 838
3 837 1533 888
3 1533 837 1532
3 1534 811 888
3 888 1533 1534
3 810 811 1535
3 1534 1535 811
3 810 1536 886
3 1536 810 1535
3 1537 840 886
3 886 1536 1537
3 839 840 1538
3 1537 1538 840
3 839 1539 843
3 1539 839 1538
3 1540 842 843
3 843 1539 1540
3 848 842 1541
3 1540 1541 842
3 848 1542 879
3 1542 848 1541
3 1543 850 879
3 879 1542 1543
3 875 850 1544
3 1543 1544 850
3 1545 875 1544
3 1546 1524 823
3 1546 821 1547
3 821 1546 823
3 818 1548 1547
3 1547 821 818
3 1549 1548 816
3 818 816 1548
3 1549 814 1550
3 814 1549 816
3 813 1551 1550
3 1550 814 813
3 1552 1551 812
3 813 812 1551
3 1552 815 1553
3 815 1552 812
3 817 1554 1553
3 1553 815 817
3 1555 1554 819
3 817 819 1554
3 1555 820 1556
3 820 1555 819
3 822 1557 1556
3 1556 820 822
3 1558 1557 825
3 822 825 1557
3 1558 827 1559
3 827 1558 825
3 829 1560 1559
3 1559 827 829
3 1561 1560 831
3 829 831 1560
3 1561 834 1562
3 834 1561 831
3 833 1563 1562
3 1562 834 833
3 1564 1563 890
3 833 890 1563
3 1564 836 1565
3 836 1564 890
3 835 1566 1565
3 1565 836 835
3 835 889 1566
3 853 1567 1568
3 1545 876 875
3 1569 1570 873
3 872 871 1571
3 868 1572 1573
3 893 856 1574
3 1575 859 1576
3 1577 860 869
3 1578 1579 865
3 864 1580 866
3 863 1581 1582
3 862 861 1583
3 1584 867 1585
3 1586 858 857
3 1587 1588 870
3 854 1589 855
3 874 1590 1591
3 852 851 1592
3 1593 878 1594
3 1595 877 849
3 1596 1597 847
3 880 1598 846
3 1599 881 1597
3 847 1597 881
3 845 1599 1600
3 1599 845 881
3 1600 1601 882
3 882 845 1600
3 1602 883 1601
3 882 1601 883
3 844 1602 1603
3 1602 844 883
3 1603 1604 884
3 884 844 1603
3 1605 885 1604
3 884 1604 885
3 841 1605 1606
3 1605 841 885
3 1606 1607 887
3 887 841 1606
3 1566 889 1607
3 887 1607 889
3 1598 1596 846
3 1596 847 846
3 880 878 1593
3 1598 880 1593
3 877 1595 1594
3 878 877 1594
3 874 1591 849
3 849 1591 1595
3 1592 1590 852
3 852 1590 874
3 1588 851 870
3 1588 1592 851
3 1587 855 1589
3 1587 870 855
3 854 867 1584
3 1589 854 1584
3 858 1586 1585
3 867 858 1585
3 863 1582 857
3 857 1582 1586
3 1583 1581 862
3 862 1581 863
3 1579 861 865
3 1579 1583 861
3 1578 866 1580
3 1578 865 866
3 864 859 1575
3 1580 864 1575
3 860 1577 1576
3 859 860 1576
3 868 1573 869
3 869 1573 1577
3 1574 1572 893
3 893 1572 868
3 1570 856 873
3 1570 1574 856
3 1569 872 1571
3 1569 873 872
3 871 853 1568
3 1571 871 1568
3 876 1545 1567
3 853 876 1567
3 1610 1547 1548
3 1530 1529 1611
3 1612 1529 1528
3 1613 1532 1531
3 1531 1530 1614
3 1615 1612 1528
3 1616 1527 1526
3 1524 1617 1525
3 1548 1618 1610
3 1524 1546 1619
3 1620 1551 1552
3 1621 1550 1551
3 1622 1568 1567
3 1557 1558 1623
3 1571 1568 1624
3 1532 1625 1533
3 1569 1626 1627
3 1572 1628 1573
3 1561 1562 1629
3 1578 1580 1631
3 1564 1565 1632
3 1633 1566 1607
3 1634 1605 1635
3 1636 1582 1581
3 1637 1604 1603
3 1601 1600 1609
3 1589 1640 1587
3 1641 1600 1599
3 1642 1643 1590
3 1593 1644 1598
3 1643 1591 1590
3 1645 1595 1591
3 1646 1594 1595
3 1592 1588 1648
3 1649 1593 1594
3 1596 1598 1650
3 1651 1588 1587
3 1599 1597 1652
3 1653 1652 1597
3 1584 1654 1589
3 1585 1655 1584
3 1656 1586 1657
3 1585 1586 1656
3 1602 1658 1603
3 1608 1602 1601
3 1659 1583 1579
3 1583 1660 1581
3 1661 1575 1662
3 1565 1566 1647
3 1577 1663 1576
3 1661 1580 1575
3 1606 1664 1607
3 1606 1605 1634
3 1579 1578 1665
3 1560 1639 1559
3 1574 1570 1666
3 1667 1572 1574
3 1668 1629 1562
3 1564 1669 1563
3 1561 1670 1560
3 1573 1671 1577
3 1555 1672 1554
3 1624 1568 1622
3 1673 1672 1555
3 1571 1624 1626
3 1571 1626 1569
3 1556 1557 1674
3 1559 1638 1558
3 1542 1675 1676
3 1549 1550 1677
3 1678 1544 1543
3 1553 1630 1552
3 1541 1540 1679
3 1680 1681 1545
3 1553 1554 1682
3 1683 1684 1539
3 1685 1683 1538
3 1546 1547 1686
3 1687 1537 1536
3 1688 1526 1525
3 1535 1534 1689
3 1690 1533 1625
3 1681 1622 1567
3 1567 1545 1681
3 1627 1666 1570
3 1569 1627 1570
3 1666 1667 1574
3 1667 1628 1572
3 1628 1671 1573
3 1671 1663 1577
3 1662 1575 1576
3 1663 1662 1576
3 1661 1631 1580
3 1631 1665 1578
3 1665 1659 1579
3 1659 1660 1583
3 1660 1636 1581
3 1657 1586 1582
3 1636 1657 1582
3 1656 1655 1585
3 1655 1654 1584
3 1654 1640 1589
3 1640 1651 1587
3 1651 1648 1588
3 1642 1590 1592
3 1648 1642 1592
3 1643 1645 1591
3 1645 1646 1595
3 1646 1649 1594
3 1649 1644 1593
3 1644 1650 1598
3 1653 1597 1596
3 1650 1653 1596
3 1652 1641 1599
3 1641 1609 1600
3 1609 1608 1601
3 1608 1658 1602
3 1658 1637 1603
3 1635 1605 1604
3 1637 1635 1604
3 1634 1664 1606
3 1664 1633 1607
3 1633 1647 1566
3 1647 1632 1565
3 1632 1669 1564
3 1668 1563 1669
3 1668 1562 1563
3 1629 1670 1561
3 1670 1639 1560
3 1639 1638 1559
3 1638 1623 1558
3 1623 1674 1557
3 1673 1555 1556
3 1674 1673 1556
3 1672 1682 1554
3 1682 1630 1553
3 1630 1620 1552
3 1620 1621 1551
3 1621 1677 1550
3 1618 1548 1549
3 1677 1618 1549
3 1610 1686 1547
3 1686 1619 1546
3 1619 1617 1524
3 1617 1688 1525
3 1688 1616 1526
3 1615 1528 1527
3 1616 1615 1527
3 1612 1611 1529
3 1611 1614 1530
3 1614 1613 1531
3 1613 1625 1532
3 1533 1690 1534
3 1689 1691 1535
3 1690 1689 1534
3 1536 1691 1687
3 1691 1536 1535
3 1685 1537 1687
3 1539 1538 1683
3 1538 1537 1685
3 1540 1539 1684
3 1541 1679 1675
3 1540 1684 1679
3 1542 1676 1543
3 1541 1675 1542
3 1678 1680 1544
3 1676 1678 1543
3 1545 1544 1680
3 1709 1710 1711
3 1680 1694 1693
3 1710 1709 1712
3 1703 1704 1675
3 1707 1678 1676
3 1684 1698 1679
3 1701 1679 1700
3 1684 1683 1695
3 1695 1696 1684
3 1684 1696 1697
3 1699 1679 1698
3 1698 1684 1697
3 1675 1679 1701
3 1700 1679 1699
3 1702 1703 1675
3 1702 1675 1701
3 1704 1705 1676
3 1675 1704 1676
3 1706 1707 1676
3 1706 1676 1705
3 1708 1692 1678
3 1678 1707 1708
3 1678 1694 1680
3 1694 1678 1692
3 1710 1712 1693
3 1712 1680 1693
3 1744 1745 1746
3 1729 1666 1727
3 1745 1747 1748
3 1747 1745 1744
3 1747 1749 1750
3 1748 1747 1750
3 1747 1751 1749
3 1752 1744 1746
3 1753 1744 1754
3 1752 1754 1744
3 1755 1753 1756
3 1753 1754 1756
3 1757 1758 1753
3 1753 1755 1757
3 1759 1760 1758
3 1759 1758 1757
3 1761 1760 1762
3 1760 1761 1758
3 1761 1763 1764
3 1762 1763 1761
3 1761 1764 1728
3 1728 1764 1667
3 1624 1736 1626
3 1627 1739 1740
3 1622 1730 1731
3 1733 1624 1622
3 1731 1732 1622
3 1622 1681 1730
3 1733 1734 1624
3 1732 1733 1622
3 1624 1735 1736
3 1734 1735 1624
3 1736 1737 1626
3 1626 1738 1739
3 1737 1738 1626
3 1740 1741 1627
3 1626 1739 1627
3 1666 1627 1742
3 1741 1742 1627
3 1727 1666 1743
3 1666 1742 1743
3 1666 1729 1667
3 1728 1667 1729
3 1782 1783 1784
3 1767 1631 1765
3 1783 1785 1786
3 1785 1783 1782
3 1785 1787 1788
3 1786 1785 1788
3 1785 1789 1787
3 1790 1782 1784
3 1791 1782 1792
3 1790 1792 1782
3 1793 1791 1794
3 1791 1792 1794
3 1795 1796 1791
3 1791 1793 1795
3 1797 1798 1796
3 1797 1796 1795
3 1799 1798 1800
3 1798 1799 1796
3 1799 1801 1802
3 1800 1801 1799
3 1799 1802 1766
3 1766 1802 1665
3 1663 1774 1662
3 1661 1777 1778
3 1671 1768 1769
3 1771 1663 1671
3 1769 1770 1671
3 1671 1628 1768
3 1771 1772 1663
3 1770 1771 1671
3 1663 1773 1774
3 1772 1773 1663
3 1774 1775 1662
3 1662 1776 1777
3 1775 1776 1662
3 1778 1779 1661
3 1662 1777 1661
3 1631 1661 1780
3 1779 1780 1661
3 1765 1631 1781
3 1631 1780 1781
3 1631 1767 1665
3 1766 1665 1767
3 1820 1821 1822
3 1805 1655 1803
3 1821 1823 1824
3 1823 1821 1820
3 1823 1825 1826
3 1824 1823 1826
3 1823 1827 1825
3 1828 1820 1822
3 1829 1820 1830
3 1828 1830 1820
3 1831 1829 1832
3 1829 1830 1832
3 1833 1834 1829
3 1829 1831 1833
3 1835 1836 1834
3 1835 1834 1833
3 1837 1836 1838
3 1836 1837 1834
3 1837 1839 1840
3 1838 1839 1837
3 1837 1840 1804
3 1804 1840 1654
3 1636 1812 1657
3 1656 1815 1816
3 1660 1806 1807
3 1809 1636 1660
3 1807 1808 1660
3 1660 1659 1806
3 1809 1810 1636
3 1808 1809 1660
3 1636 1811 1812
3 1810 1811 1636
3 1812 1813 1657
3 1657 1814 1815
3 1813 1814 1657
3 1816 1817 1656
3 1657 1815 1656
3 1655 1656 1818
3 1817 1818 1656
3 1803 1655 1819
3 1655 1818 1819
3 1655 1805 1654
3 1804 1654 1805
3 1858 1859 1860
3 1843 1645 1841
3 1859 1861 1862
3 1861 1859 1858
3 1861 1863 1864
3 1862 1861 1864
3 1861 1865 1863
3 1866 1858 1860
3 1867 1858 1868
3 1866 1868 1858
3 1869 1867 1870
3 1867 1868 1870
3 1871 1872 1867
3 1867 1869 1871
3 1873 1874 1872
3 1873 1872 1871
3 1875 1874 1876
3 1874 1875 1872
3 1875 1877 1878
3 1876 1877 1875
3 1875 1878 1842
3 1842 1878 1646
3 1648 1850 1642
3 1643 1853 1854
3 1651 1844 1845
3 1847 1648 1651
3 1845 1846 1651
3 1651 1640 1844
3 1847 1848 1648
3 1846 1847 1651
3 1648 1849 1850
3 1848 1849 1648
3 1850 1851 1642
3 1642 1852 1853
3 1851 1852 1642
3 1854 1855 1643
3 1642 1853 1643
3 1645 1643 1856
3 1855 1856 1643
3 1841 1645 1857
3 1645 1856 1857
3 1645 1843 1646
3 1842 1646 1843
3 1896 1897 1898
3 1881 1641 1879
3 1897 1899 1900
3 1899 1897 1896
3 1899 1901 1902
3 1900 1899 1902
3 1899 1903 1901
3 1904 1896 1898
3 1905 1896 1906
3 1904 1906 1896
3 1907 1905 1908
3 1905 1906 1908
3 1909 1910 1905
3 1905 1907 1909
3 1911 1912 1910
3 1911 1910 1909
3 1913 1912 1914
3 1912 1913 1910
3 1913 1915 1916
3 1914 1915 1913
3 1913 1916 1880
3 1880 1916 1609
3 1650 1888 1653
3 1652 1891 1892
3 1644 1882 1883
3 1885 1650 1644
3 1883 1884 1644
3 1644 1649 1882
3 1885 1886 1650
3 1884 1885 1644
3 1650 1887 1888
3 1886 1887 1650
3 1888 1889 1653
3 1653 1890 1891
3 1889 1890 1653
3 1892 1893 1652
3 1653 1891 1652
3 1641 1652 1894
3 1893 1894 1652
3 1879 1641 1895
3 1641 1894 1895
3 1641 1881 1609
3 1880 1609 1881
3 1934 1935 1936
3 1919 1664 1917
3 1935 1937 1938
3 1937 1935 1934
3 1937 1939 1940
3 1938 1937 1940
3 1937 1941 1939
3 1942 1934 1936
3 1943 1934 1944
3 1942 1944 1934
3 1945 1943 1946
3 1943 1944 1946
3 1947 1948 1943
3 1943 1945 1947
3 1949 1950 1948
3 1949 1948 1947
3 1951 1950 1952
3 1950 1951 1948
3 1951 1953 1954
3 1952 1953 1951
3 1951 1954 1918
3 1918 1954 1633
3 1637 1926 1635
3 1634 1929 1930
3 1658 1920 1921
3 1923 1637 1658
3 1921 1922 1658
3 1658 1608 1920
3 1923 1924 1637
3 1922 1923 1658
3 1637 1925 1926
3 1924 1925 1637
3 1926 1927 1635
3 1635 1928 1929
3 1927 1928 1635
3 1930 1931 1634
3 1635 1929 1634
3 1664 1634 1932
3 1931 1932 1634
3 1917 1664 1933
3 1664 1932 1933
3 1664 1919 1633
3 1918 1633 1919
3 1972 1973 1974
3 1957 1670 1955
3 1973 1975 1976
3 1975 1973 1972
3 1975 1977 1978
3 1976 1975 1978
3 1975 1979 1977
3 1980 1972 1974
3 1981 1972 1982
3 1980 1982 1972
3 1983 1981 1984
3 1981 1982 1984
3 1985 1986 1981
3 1981 1983 1985
3 1987 1988 1986
3 1987 1986 1985
3 1989 1988 1990
3 1988 1989 1986
3 1989 1991 1992
3 1990 1991 1989
3 1989 1992 1956
3 1956 1992 1639
3 1669 1964 1668
3 1629 1967 1968
3 1632 1958 1959
3 1961 1669 1632
3 1959 1960 1632
3 1632 1647 1958
3 1961 1962 1669
3 1960 1961 1632
3 1669 1963 1964
3 1962 1963 1669
3 1964 1965 1668
3 1668 1966 1967
3 1965 1966 1668
3 1968 1969 1629
3 1668 1967 1629
3 1670 1629 1970
3 1969 1970 1629
3 1955 1670 1971
3 1670 1970 1971
3 1670 1957 1639
3 1956 1639 1957
3 2010 2011 2012
3 1995 1682 1993
3 2011 2013 2014
3 2013 2011 2010
3 2013 2015 2016
3 2014 2013 2016
3 2013 2017 2015
3 2018 2010 2012
3 2019 2010 2020
3 2018 2020 2010
3 2021 2019 2022
3 2019 2020 2022
3 2023 2024 2019
3 2019 2021 2023
3 2025 2026 2024
3 2025 2024 2023
3 2027 2026 2028
3 2026 2027 2024
3 2027 2029 2030
3 2028 2029 2027
3 2027 2030 1994
3 1994 2030 1630
3 1674 2002 1673
3 1672 2005 2006
3 1623 1996 1997
3 1999 1674 1623
3 1997 1998 1623
3 1623 1638 1996
3 1999 2000 1674
3 1998 1999 1623
3 1674 2001 2002
3 2000 2001 1674
3 2002 2003 1673
3 1673 2004 2005
3 2003 2004 1673
3 2006 2007 1672
3 1673 2005 1672
3 1682 1672 2008
3 2007 2008 1672
3 1993 1682 2009
3 1682 2008 2009
3 1682 1995 1630
3 1994 1630 1995
3 2038 1677 2037
3 2048 2049 2050
3 2036 2037 1621
3 1677 1621 2037
3 2035 1621 2034
3 2035 2036 1621
3 2039 1677 2038
3 1621 1620 2034
3 1618 1677 2040
3 2039 2040 1677
3 2042 1618 2041
3 1618 2040 2041
3 2043 1610 1618
3 1618 2042 2043
3 2044 2045 1610
3 2044 1610 2043
3 1610 2046 1686
3 2046 1610 2045
3 1686 2047 2031
3 2046 2047 1686
3 1619 1686 2033
3 2031 2033 1686
3 2032 1619 2033
3 2051 2052 2053
3 2054 2055 2056
3 2057 2058 2056
3 2054 2059 2060
3 2060 2061 2054
3 2054 2061 2062
3 2063 2056 2055
3 2055 2054 2062
3 2064 2057 2056
3 2064 2056 2063
3 2065 2066 2058
3 2058 2057 2065
3 2058 2051 2053
3 2051 2058 2066
3 2053 2067 2048
3 2053 2052 2067
3 2048 2068 2049
3 2067 2068 2048
3 1619 2032 2050
3 2032 2048 2050
3 2086 2087 2088
3 2071 1611 2069
3 2087 2089 2090
3 2089 2087 2086
3 2089 2091 2092
3 2090 2089 2092
3 2089 2093 2091
3 2094 2086 2088
3 2095 2086 2096
3 2094 2096 2086
3 2097 2095 2098
3 2095 2096 2098
3 2099 2100 2095
3 2095 2097 2099
3 2101 2102 2100
3 2101 2100 2099
3 2103 2102 2104
3 2102 2103 2100
3 2103 2105 2106
3 2104 2105 2103
3 2103 2106 2070
3 2070 2106 1614
3 1616 2078 1615
3 1612 2081 2082
3 1688 2072 2073
3 2075 1616 1688
3 2073 2074 1688
3 1688 1617 2072
3 2075 2076 1616
3 2074 2075 1688
3 1616 2077 2078
3 2076 2077 1616
3 2078 2079 1615
3 1615 2080 2081
3 2079 2080 1615
3 2082 2083 1612
3 1615 2081 1612
3 1611 1612 2084
3 2083 2084 1612
3 2069 1611 2085
3 1611 2084 2085
3 1611 2071 1614
3 2070 1614 2071
3 2124 2125 2126
3 2109 1687 2107
3 2125 2127 2128
3 2127 2125 2124
3 2127 2129 2130
3 2128 2127 2130
3 2127 2131 2129
3 2132 2124 2126
3 2133 2124 2134
3 2132 2134 2124
3 2135 2133 2136
3 2133 2134 2136
3 2137 2138 2133
3 2133 2135 2137
3 2139 2140 2138
3 2139 2138 2137
3 2141 2140 2142
3 2140 2141 2138
3 2141 2143 2144
3 2142 2143 2141
3 2141 2144 2108
3 2108 2144 1685
3 1690 2116 1689
3 1691 2119 2120
3 1625 2110 2111
3 2113 1690 1625
3 2111 2112 1625
3 1625 1613 2110
3 2113 2114 1690
3 2112 2113 1625
3 1690 2115 2116
3 2114 2115 1690
3 2116 2117 1689
3 1689 2118 2119
3 2117 2118 1689
3 2120 2121 1691
3 1689 2119 1691
3 1687 1691 2122
3 2121 2122 1691
3 2107 1687 2123
3 1687 2122 2123
3 1687 2109 1685
3 2108 1685 2109
3 1747 2145 1751
3 2146 2070 2147
3 2148 2024 2149
3 2019 2150 2010
3 2027 1994 2149
3 2151 2013 2152
3 2017 2153 2032
3 1979 2154 2155
3 2032 2153 2156
3 2156 2053 2048
3 2157 1975 1972
3 2158 2054 2056
3 2159 2160 1986
3 2161 1937 1934
3 1918 2162 1951
3 2163 2086 2095
3 2164 2165 2108
3 2093 2089 2166
3 2167 2124 2133
3 1896 2168 2169
3 2170 1861 1858
3 1905 1910 2171
3 2172 1880 2173
3 1693 2131 2174
3 2175 2176 2177
3 2178 1713 2179
3 2180 1872 1875
3 1827 1823 2181
3 2182 1758 1761
3 2183 1829 1834
3 1744 2184 1747
3 2185 1804 1789
3 2186 2187 1766
3 2188 1782 1791
3 1785 2189 1789
3 1782 2190 1785
3 2191 1791 1796
3 1804 2185 2192
3 1796 1799 2187
3 2186 1766 1751
3 1834 1837 2192
3 1820 2193 1823
3 1820 1829 2194
3 1753 1758 2195
3 1753 2196 1744
3 1842 2197 2180
3 1827 2197 1842
3 2179 2198 2199
3 2200 2198 2177
3 1861 2201 1865
3 2202 1858 1867
3 2203 1867 1872
3 1713 2204 1728
3 1728 2204 2182
3 2205 2127 2124
3 2131 2127 2206
3 2013 2151 2017
3 2174 2207 1693
3 1710 2207 2175
3 2171 1910 2172
3 1865 2173 1880
3 2108 2093 2164
3 2169 2208 1899
3 1899 1896 2169
3 2138 2209 2133
3 2168 1896 1905
3 2138 2141 2165
3 2168 1905 2171
3 2162 1948 1951
3 2103 2146 2100
3 2210 2095 2100
3 2211 1918 1903
3 1943 2212 2213
3 2162 1918 2211
3 2089 2086 2214
3 2059 2054 2215
3 2059 2147 2070
3 2216 2159 1956
3 2217 1941 1937
3 2218 2058 2053
3 2058 2219 2056
3 1972 1981 2220
3 2208 1903 1899
3 1903 2208 2211
3 2172 1913 1880
3 1913 2172 1910
3 2201 2173 1865
3 2170 2201 1861
3 2202 2170 1858
3 2203 2202 1867
3 2180 2203 1872
3 2180 1875 1842
3 2181 2197 1827
3 2193 2181 1823
3 2194 2193 1820
3 2183 2194 1829
3 2192 2183 1834
3 2192 1837 1804
3 2189 2185 1789
3 2190 2189 1785
3 2188 2190 1782
3 2191 2188 1791
3 2187 2191 1796
3 2187 1799 1766
3 2145 2186 1751
3 2184 2145 1747
3 2196 2184 1744
3 2195 2196 1753
3 2182 2195 1758
3 2182 1761 1728
3 2178 2204 1713
3 2199 2178 2179
3 2200 2199 2198
3 2176 2200 2177
3 2207 2176 2175
3 2207 1710 1693
3 2206 2174 2131
3 2205 2206 2127
3 2167 2205 2124
3 2209 2167 2133
3 2165 2209 2138
3 2165 2141 2108
3 2166 2164 2093
3 2214 2166 2089
3 2163 2214 2086
3 2210 2163 2095
3 2146 2210 2100
3 2146 2103 2070
3 2215 2147 2059
3 2158 2215 2054
3 2219 2158 2056
3 2218 2219 2058
3 2156 2218 2053
3 2156 2048 2032
3 2151 2153 2017
3 2010 2152 2013
3 2148 2150 2019
3 2150 2152 2010
3 2149 2024 2027
3 2148 2019 2024
3 2149 1994 2155
3 1979 1975 2154
3 1994 1979 2155
3 1972 2220 2157
3 1975 2157 2154
3 1981 2160 2220
3 1989 2159 1986
3 1986 2160 1981
3 2216 1956 1941
3 2159 1989 1956
3 2217 1937 2161
3 2216 1941 2217
3 2161 1934 2213
3 1943 1948 2212
3 1934 1943 2213
3 2162 2212 1948
3 2198 1717 1718
3 1719 1721 2198
3 1719 2198 1718
3 2177 1721 1720
3 1721 2177 2198
3 2177 1722 1723
3 1720 1722 2177
3 1724 2175 1723
3 2177 1723 2175
3 1726 2175 1725
3 2175 1724 1725
3 1726 1711 1710
3 1710 2175 1726
3 1717 2198 2179
3 1716 2179 1715
3 1716 1717 2179
3 1713 1714 2179
3 1715 2179 1714
3 2221 2156 2153
3 2151 2222 2153
3 2221 2153 2222
3 2151 2152 2223
3 2223 2222 2151
3 2224 2152 2150
3 2152 2224 2223
3 2148 2225 2150
3 2224 2150 2225
3 2148 2149 2226
3 2226 2225 2148
3 2227 2149 2155
3 2149 2227 2226
3 2154 2228 2155
3 2227 2155 2228
3 2154 2157 2229
3 2229 2228 2154
3 2230 2157 2220
3 2157 2230 2229
3 2160 2231 2220
3 2230 2220 2231
3 2160 2159 2232
3 2232 2231 2160
3 2233 2159 2216
3 2159 2233 2232
3 2217 2234 2216
3 2233 2216 2234
3 2217 2161 2235
3 2235 2234 2217
3 2236 2161 2213
3 2161 2236 2235
3 2212 2237 2213
3 2236 2213 2237
3 2212 2162 2238
3 2238 2237 2212
3 2162 2239 2238
3 2240 2156 2221
3 2240 2241 2218
3 2218 2156 2240
3 2219 2241 2242
3 2241 2219 2218
3 2243 2158 2242
3 2219 2242 2158
3 2243 2244 2215
3 2215 2158 2243
3 2147 2244 2245
3 2244 2147 2215
3 2246 2146 2245
3 2147 2245 2146
3 2246 2247 2210
3 2210 2146 2246
3 2163 2247 2248
3 2247 2163 2210
3 2249 2214 2248
3 2163 2248 2214
3 2249 2250 2166
3 2166 2214 2249
3 2164 2250 2251
3 2250 2164 2166
3 2252 2165 2251
3 2164 2251 2165
3 2252 2253 2209
3 2209 2165 2252
3 2167 2253 2254
3 2253 2167 2209
3 2255 2205 2254
3 2167 2254 2205
3 2255 2256 2206
3 2206 2205 2255
3 2174 2256 2257
3 2256 2174 2206
3 2174 2257 2207
3 2211 2239 2162
3 2168 2258 2169
3 2208 2259 2260
3 2261 2172 2173
3 2262 2171 2263
3 2170 2202 2264
3 2201 2265 2266
3 2197 2267 2180
3 2268 2269 2203
3 2270 2193 2194
3 2271 2181 2272
3 2192 2185 2273
3 2183 2274 2275
3 2188 2276 2190
3 2277 2278 2189
3 2279 2187 2186
3 2280 2191 2281
3 2184 2196 2282
3 2145 2283 2284
3 2285 2196 2195
3 2196 2285 2282
3 2182 2286 2195
3 2285 2195 2286
3 2182 2204 2287
3 2287 2286 2182
3 2288 2204 2178
3 2204 2288 2287
3 2199 2289 2178
3 2288 2178 2289
3 2199 2200 2290
3 2290 2289 2199
3 2291 2200 2176
3 2200 2291 2290
3 2207 2292 2176
3 2291 2176 2292
3 2257 2292 2207
3 2145 2184 2283
3 2184 2282 2283
3 2279 2186 2284
3 2186 2145 2284
3 2281 2191 2187
3 2281 2187 2279
3 2280 2276 2188
3 2280 2188 2191
3 2190 2277 2189
3 2276 2277 2190
3 2185 2278 2273
3 2189 2278 2185
3 2183 2192 2274
3 2192 2273 2274
3 2270 2194 2275
3 2194 2183 2275
3 2272 2181 2193
3 2272 2193 2270
3 2271 2267 2197
3 2271 2197 2181
3 2180 2268 2203
3 2267 2268 2180
3 2202 2269 2264
3 2203 2269 2202
3 2201 2170 2265
3 2170 2264 2265
3 2261 2173 2266
3 2173 2201 2266
3 2263 2171 2172
3 2263 2172 2261
3 2262 2258 2168
3 2262 2168 2171
3 2169 2259 2208
3 2258 2259 2169
3 2211 2260 2239
3 2208 2260 2211
3 2285 2283 2282
3 2262 2243 2258
3 2286 2284 2285
3 2283 2285 2284
3 2279 2286 2287
3 2286 2279 2284
3 2287 2288 2281
3 2281 2279 2287
3 2289 2280 2288
3 2281 2288 2280
3 2289 2276 2280
3 2290 2277 2276
3 2276 2289 2290
3 2278 2277 2291
3 2290 2291 2277
3 2278 2292 2273
3 2292 2278 2291
3 2257 2274 2273
3 2273 2292 2257
3 2272 2270 2254
3 2255 2275 2256
3 2251 2268 2267
3 2253 2252 2271
3 2264 2248 2265
3 2269 2250 2249
3 2263 2261 2245
3 2246 2266 2247
3 2242 2259 2258
3 2244 2243 2262
3 2239 2221 2238
3 2260 2241 2240
3 2235 2236 2224
3 2223 2237 2222
3 2227 2232 2233
3 2225 2226 2234
3 2231 2228 2229
3 2231 2232 2228
3 2231 2229 2230
3 2233 2226 2227
3 2232 2227 2228
3 2235 2225 2234
3 2234 2226 2233
3 2223 2224 2236
3 2224 2225 2235
3 2222 2237 2238
3 2223 2236 2237
3 2221 2239 2240
3 2222 2238 2221
3 2260 2259 2241
3 2239 2260 2240
3 2258 2243 2242
3 2259 2242 2241
3 2244 2262 2263
3 2261 2246 2245
3 2263 2245 2244
3 2265 2247 2266
3 2266 2246 2261
3 2249 2248 2264
3 2248 2247 2265
3 2250 2269 2268
3 2249 2264 2269
3 2268 2251 2250
3 2252 2267 2271
3 2251 2267 2252
3 2253 2272 2254
3 2271 2272 2253
3 2270 2275 2255
3 2270 2255 2254
3 2257 2256 2274
3 2274 2256 2275
35 1833 1831 1832 1830 1828 1822 1821 1824 1826 1825 1827 1842 1843 1841 1857 1856 1855 1854 1853 1852 1851 1850 1849 1848 1847 1846 1845 1844 1640 1654 1840 1839 1838 1836 1835
35 1817 1816 1815 1814 1813 1812 1811 1810 1809 1808 1807 1806 1659 1665 1802 1801 1800 1798 1797 1795 1793 1794 1792 1790 1784 1783 1786 1788 1787 1789 1804 1805 1803 1819 1818
35 1780 1779 1778 1777 1776 1775 1774 1773 1772 1771 1770 1769 1768 1628 1667 1764 1763 1762 1760 1759 1757 1755 1756 1754 1752 1746 1745 1748 1750 1749 1751 1766 1767 1765 1781
36 1737 1736 1735 1734 1733 1732 1731 1730 1681 1680 1712 1709 1711 1726 1725 1724 1723 1722 1720 1721 1719 1718 1717 1716 1715 1714 1713 1728 1729 1727 1743 1742 1741 1740 1739 1738
35 1683 1685 2144 2143 2142 2140 2139 2137 2135 2136 2134 2132 2126 2125 2128 2130 2129 2131 1693 1694 1692 1708 1707 1706 1705 1704 1703 1702 1701 1700 1699 1698 1697 1696 1695
35 2121 2120 2119 2118 2117 2116 2115 2114 2113 2112 2111 2110 1613 1614 2106 2105 2104 2102 2101 2099 2097 2098 2096 2094 2088 2087 2090 2092 2091 2093 2108 2109 2107 2123 2122
35 2085 2084 2083 2082 2081 2080 2079 2078 2077 2076 2075 2074 2073 2072 1617 1619 2050 2049 2068 2067 2052 2051 2066 2065 2057 2064 2063 2055 2062 2061 2060 2059 2070 2071 2069
35 2026 2025 2023 2021 2022 2020 2018 2012 2011 2014 2016 2015 2017 2032 2033 2031 2047 2046 2045 2044 2043 2042 2041 2040 2039 2038 2037 2036 2035 2034 1620 1630 2030 2029 2028
35 2000 1999 1998 1997 1996 1638 1639 1992 1991 1990 1988 1987 1985 1983 1984 1982 1980 1974 1973 1976 1978 1977 1979 1994 1995 1993 2009 2008 2007 2006 2005 2004 2003 2002 2001
35 1936 1935 1938 1940 1939 1941 1956 1957 1955 1971 1970 1969 1968 1967 1966 1965 1964 1963 1962 1961 1960 1959 1958 1647 1633 1954 1953 1952 1950 1949 1947 1945 1946 1944 1942
35 1908 1906 1904 1898 1897 1900 1902 1901 1903 1918 1919 1917 1933 1932 1931 1930 1929 1928 1927 1926 1925 1924 1923 1922 1921 1920 1608 1609 1916 1915 1914 1912 1911 1909 1907
35 1892 1891 1890 1889 1888 1887 1886 1885 1884 1883 1882 1649 1646 1878 1877 1876 1874 1873 1871 1869 1870 1868 1866 1860 1859 1862 1864 1863 1865 1880 1881 1879 1895 1894 1893
